Trans_Date,Src,Tgt,Amount
2020-01,一条堀川,一条新町,2670
2020-01,一条堀川,二条堀川,2586
2020-01,一条室町,一条新町,2810
2020-01,一条室町,一条烏丸,2953
2020-01,一条室町,二条室町,2960
2020-01,一条新町,一条堀川,2699
2020-01,一条新町,一条室町,2730
2020-01,一条新町,二条新町,2754
2020-01,一条烏丸,一条室町,2968
2020-01,一条烏丸,一条車屋,3045
2020-01,一条烏丸,二条烏丸,3099
2020-01,一条車屋,一条烏丸,3116
2020-01,一条車屋,二条車屋,2937
2020-01,三条堀川,三条新町,2977
2020-01,三条堀川,二条堀川,2813
2020-01,三条堀川,四条堀川,2989
2020-01,三条室町,三条新町,3038
2020-01,三条室町,三条烏丸,3219
2020-01,三条室町,二条室町,3084
2020-01,三条室町,四条室町,3171
2020-01,三条新町,三条堀川,3033
2020-01,三条新町,三条室町,3095
2020-01,三条新町,二条新町,3055
2020-01,三条新町,四条新町,3156
2020-01,三条烏丸,三条室町,3238
2020-01,三条烏丸,三条車屋,3349
2020-01,三条烏丸,二条烏丸,3199
2020-01,三条烏丸,四条烏丸,3349
2020-01,三条車屋,三条烏丸,3435
2020-01,三条車屋,二条車屋,3044
2020-01,三条車屋,四条車屋,3140
2020-01,二条堀川,一条堀川,2740
2020-01,二条堀川,三条堀川,2817
2020-01,二条堀川,二条新町,2764
2020-01,二条室町,一条室町,3030
2020-01,二条室町,三条室町,3187
2020-01,二条室町,二条新町,2908
2020-01,二条室町,二条烏丸,3155
2020-01,二条新町,一条新町,2811
2020-01,二条新町,三条新町,2946
2020-01,二条新町,二条堀川,2708
2020-01,二条新町,二条室町,2962
2020-01,二条烏丸,一条烏丸,3085
2020-01,二条烏丸,三条烏丸,3272
2020-01,二条烏丸,二条室町,3131
2020-01,二条烏丸,二条車屋,3202
2020-01,二条車屋,一条車屋,2880
2020-01,二条車屋,三条車屋,3099
2020-01,二条車屋,二条烏丸,3304
2020-01,五条堀川,五条新町,2927
2020-01,五条堀川,四条堀川,3089
2020-01,五条室町,五条新町,3154
2020-01,五条室町,五条烏丸,3256
2020-01,五条室町,四条室町,3351
2020-01,五条新町,五条堀川,2984
2020-01,五条新町,五条室町,3187
2020-01,五条新町,四条新町,3270
2020-01,五条烏丸,五条室町,3249
2020-01,五条烏丸,五条車屋,3486
2020-01,五条烏丸,四条烏丸,3452
2020-01,五条車屋,五条烏丸,3481
2020-01,五条車屋,四条車屋,3498
2020-01,四条堀川,三条堀川,2872
2020-01,四条堀川,五条堀川,3142
2020-01,四条堀川,四条新町,3026
2020-01,四条室町,三条室町,3292
2020-01,四条室町,五条室町,3477
2020-01,四条室町,四条新町,3280
2020-01,四条室町,四条烏丸,3404
2020-01,四条新町,三条新町,3101
2020-01,四条新町,五条新町,3263
2020-01,四条新町,四条堀川,3175
2020-01,四条新町,四条室町,3217
2020-01,四条烏丸,三条烏丸,3413
2020-01,四条烏丸,五条烏丸,3572
2020-01,四条烏丸,四条室町,3415
2020-01,四条烏丸,四条車屋,3588
2020-01,四条車屋,三条車屋,3256
2020-01,四条車屋,五条車屋,3361
2020-01,四条車屋,四条烏丸,3589
2020-02,一条堀川,一条新町,2554
2020-02,一条堀川,二条堀川,2522
2020-02,一条室町,一条新町,2584
2020-02,一条室町,一条烏丸,2792
2020-02,一条室町,二条室町,2681
2020-02,一条新町,一条堀川,2472
2020-02,一条新町,一条室町,2599
2020-02,一条新町,二条新町,2612
2020-02,一条烏丸,一条室町,2671
2020-02,一条烏丸,一条車屋,2856
2020-02,一条烏丸,二条烏丸,2912
2020-02,一条車屋,一条烏丸,2861
2020-02,一条車屋,二条車屋,2739
2020-02,三条堀川,三条新町,2727
2020-02,三条堀川,二条堀川,2552
2020-02,三条堀川,四条堀川,2755
2020-02,三条室町,三条新町,2871
2020-02,三条室町,三条烏丸,3046
2020-02,三条室町,二条室町,2923
2020-02,三条室町,四条室町,3112
2020-02,三条新町,三条堀川,2673
2020-02,三条新町,三条室町,2835
2020-02,三条新町,二条新町,2723
2020-02,三条新町,四条新町,2936
2020-02,三条烏丸,三条室町,3004
2020-02,三条烏丸,三条車屋,3224
2020-02,三条烏丸,二条烏丸,3086
2020-02,三条烏丸,四条烏丸,3184
2020-02,三条車屋,三条烏丸,3209
2020-02,三条車屋,二条車屋,2770
2020-02,三条車屋,四条車屋,3098
2020-02,二条堀川,一条堀川,2457
2020-02,二条堀川,三条堀川,2593
2020-02,二条堀川,二条新町,2618
2020-02,二条室町,一条室町,2733
2020-02,二条室町,三条室町,2932
2020-02,二条室町,二条新町,2822
2020-02,二条室町,二条烏丸,2860
2020-02,二条新町,一条新町,2611
2020-02,二条新町,三条新町,2779
2020-02,二条新町,二条堀川,2542
2020-02,二条新町,二条室町,2696
2020-02,二条烏丸,一条烏丸,2915
2020-02,二条烏丸,三条烏丸,3074
2020-02,二条烏丸,二条室町,2882
2020-02,二条烏丸,二条車屋,3020
2020-02,二条車屋,一条車屋,2764
2020-02,二条車屋,三条車屋,2818
2020-02,二条車屋,二条烏丸,3069
2020-02,五条堀川,五条新町,2772
2020-02,五条堀川,四条堀川,2851
2020-02,五条室町,五条新町,2927
2020-02,五条室町,五条烏丸,3000
2020-02,五条室町,四条室町,3241
2020-02,五条新町,五条堀川,2742
2020-02,五条新町,五条室町,2875
2020-02,五条新町,四条新町,3008
2020-02,五条烏丸,五条室町,3076
2020-02,五条烏丸,五条車屋,3166
2020-02,五条烏丸,四条烏丸,3255
2020-02,五条車屋,五条烏丸,3158
2020-02,五条車屋,四条車屋,3217
2020-02,四条堀川,三条堀川,2814
2020-02,四条堀川,五条堀川,2883
2020-02,四条堀川,四条新町,2878
2020-02,四条室町,三条室町,3051
2020-02,四条室町,五条室町,3256
2020-02,四条室町,四条新町,3032
2020-02,四条室町,四条烏丸,3218
2020-02,四条新町,三条新町,3013
2020-02,四条新町,五条新町,3021
2020-02,四条新町,四条堀川,2832
2020-02,四条新町,四条室町,2987
2020-02,四条烏丸,三条烏丸,3089
2020-02,四条烏丸,五条烏丸,3315
2020-02,四条烏丸,四条室町,3155
2020-02,四条烏丸,四条車屋,3388
2020-02,四条車屋,三条車屋,3070
2020-02,四条車屋,五条車屋,3084
2020-02,四条車屋,四条烏丸,3309
2020-03,一条堀川,一条新町,2581
2020-03,一条堀川,二条堀川,2622
2020-03,一条室町,一条新町,2862
2020-03,一条室町,一条烏丸,2924
2020-03,一条室町,二条室町,2938
2020-03,一条新町,一条堀川,2633
2020-03,一条新町,一条室町,2806
2020-03,一条新町,二条新町,2772
2020-03,一条烏丸,一条室町,2971
2020-03,一条烏丸,一条車屋,3063
2020-03,一条烏丸,二条烏丸,3130
2020-03,一条車屋,一条烏丸,3071
2020-03,一条車屋,二条車屋,2957
2020-03,三条堀川,三条新町,2897
2020-03,三条堀川,二条堀川,2844
2020-03,三条堀川,四条堀川,3007
2020-03,三条室町,三条新町,3177
2020-03,三条室町,三条烏丸,3318
2020-03,三条室町,二条室町,3055
2020-03,三条室町,四条室町,3285
2020-03,三条新町,三条堀川,2911
2020-03,三条新町,三条室町,3103
2020-03,三条新町,二条新町,2838
2020-03,三条新町,四条新町,3123
2020-03,三条烏丸,三条室町,3289
2020-03,三条烏丸,三条車屋,3410
2020-03,三条烏丸,二条烏丸,3306
2020-03,三条烏丸,四条烏丸,3387
2020-03,三条車屋,三条烏丸,3438
2020-03,三条車屋,二条車屋,3032
2020-03,三条車屋,四条車屋,3272
2020-03,二条堀川,一条堀川,2663
2020-03,二条堀川,三条堀川,2751
2020-03,二条堀川,二条新町,2745
2020-03,二条室町,一条室町,2935
2020-03,二条室町,三条室町,3115
2020-03,二条室町,二条新町,2869
2020-03,二条室町,二条烏丸,3170
2020-03,二条新町,一条新町,2807
2020-03,二条新町,三条新町,2867
2020-03,二条新町,二条堀川,2838
2020-03,二条新町,二条室町,2933
2020-03,二条烏丸,一条烏丸,3172
2020-03,二条烏丸,三条烏丸,3262
2020-03,二条烏丸,二条室町,3080
2020-03,二条烏丸,二条車屋,3192
2020-03,二条車屋,一条車屋,2891
2020-03,二条車屋,三条車屋,3171
2020-03,二条車屋,二条烏丸,3286
2020-03,五条堀川,五条新町,2914
2020-03,五条堀川,四条堀川,3067
2020-03,五条室町,五条新町,3098
2020-03,五条室町,五条烏丸,3254
2020-03,五条室町,四条室町,3436
2020-03,五条新町,五条堀川,3069
2020-03,五条新町,五条室町,3131
2020-03,五条新町,四条新町,3337
2020-03,五条烏丸,五条室町,3254
2020-03,五条烏丸,五条車屋,3427
2020-03,五条烏丸,四条烏丸,3559
2020-03,五条車屋,五条烏丸,3383
2020-03,五条車屋,四条車屋,3435
2020-03,四条堀川,三条堀川,2952
2020-03,四条堀川,五条堀川,3127
2020-03,四条堀川,四条新町,3054
2020-03,四条室町,三条室町,3207
2020-03,四条室町,五条室町,3366
2020-03,四条室町,四条新町,3248
2020-03,四条室町,四条烏丸,3395
2020-03,四条新町,三条新町,3130
2020-03,四条新町,五条新町,3197
2020-03,四条新町,四条堀川,3027
2020-03,四条新町,四条室町,3174
2020-03,四条烏丸,三条烏丸,3397
2020-03,四条烏丸,五条烏丸,3539
2020-03,四条烏丸,四条室町,3406
2020-03,四条烏丸,四条車屋,3527
2020-03,四条車屋,三条車屋,3267
2020-03,四条車屋,五条車屋,3394
2020-03,四条車屋,四条烏丸,3541
2020-04,一条堀川,一条新町,2561
2020-04,一条堀川,二条堀川,2534
2020-04,一条室町,一条新町,2639
2020-04,一条室町,一条烏丸,2878
2020-04,一条室町,二条室町,2800
2020-04,一条新町,一条堀川,2478
2020-04,一条新町,一条室町,2717
2020-04,一条新町,二条新町,2535
2020-04,一条烏丸,一条室町,2807
2020-04,一条烏丸,一条車屋,2998
2020-04,一条烏丸,二条烏丸,3000
2020-04,一条車屋,一条烏丸,3020
2020-04,一条車屋,二条車屋,2832
2020-04,三条堀川,三条新町,2787
2020-04,三条堀川,二条堀川,2654
2020-04,三条堀川,四条堀川,2863
2020-04,三条室町,三条新町,3021
2020-04,三条室町,三条烏丸,3100
2020-04,三条室町,二条室町,3025
2020-04,三条室町,四条室町,3129
2020-04,三条新町,三条堀川,2769
2020-04,三条新町,三条室町,3040
2020-04,三条新町,二条新町,2797
2020-04,三条新町,四条新町,2990
2020-04,三条烏丸,三条室町,3118
2020-04,三条烏丸,三条車屋,3228
2020-04,三条烏丸,二条烏丸,3081
2020-04,三条烏丸,四条烏丸,3243
2020-04,三条車屋,三条烏丸,3283
2020-04,三条車屋,二条車屋,3113
2020-04,三条車屋,四条車屋,3147
2020-04,二条堀川,一条堀川,2565
2020-04,二条堀川,三条堀川,2684
2020-04,二条堀川,二条新町,2682
2020-04,二条室町,一条室町,2936
2020-04,二条室町,三条室町,2902
2020-04,二条室町,二条新町,2905
2020-04,二条室町,二条烏丸,3001
2020-04,二条新町,一条新町,2777
2020-04,二条新町,三条新町,2751
2020-04,二条新町,二条堀川,2752
2020-04,二条新町,二条室町,2810
2020-04,二条烏丸,一条烏丸,2989
2020-04,二条烏丸,三条烏丸,3171
2020-04,二条烏丸,二条室町,3026
2020-04,二条烏丸,二条車屋,3082
2020-04,二条車屋,一条車屋,2881
2020-04,二条車屋,三条車屋,2966
2020-04,二条車屋,二条烏丸,3222
2020-04,五条堀川,五条新町,2849
2020-04,五条堀川,四条堀川,2998
2020-04,五条室町,五条新町,2959
2020-04,五条室町,五条烏丸,3114
2020-04,五条室町,四条室町,3211
2020-04,五条新町,五条堀川,2825
2020-04,五条新町,五条室町,3051
2020-04,五条新町,四条新町,3190
2020-04,五条烏丸,五条室町,3104
2020-04,五条烏丸,五条車屋,3227
2020-04,五条烏丸,四条烏丸,3489
2020-04,五条車屋,五条烏丸,3236
2020-04,五条車屋,四条車屋,3299
2020-04,四条堀川,三条堀川,2915
2020-04,四条堀川,五条堀川,2978
2020-04,四条堀川,四条新町,3051
2020-04,四条室町,三条室町,3157
2020-04,四条室町,五条室町,3242
2020-04,四条室町,四条新町,3159
2020-04,四条室町,四条烏丸,3317
2020-04,四条新町,三条新町,2987
2020-04,四条新町,五条新町,3162
2020-04,四条新町,四条堀川,3089
2020-04,四条新町,四条室町,3146
2020-04,四条烏丸,三条烏丸,3321
2020-04,四条烏丸,五条烏丸,3590
2020-04,四条烏丸,四条室町,3262
2020-04,四条烏丸,四条車屋,3498
2020-04,四条車屋,三条車屋,3179
2020-04,四条車屋,五条車屋,3355
2020-04,四条車屋,四条烏丸,3526
2020-05,一条堀川,一条新町,2619
2020-05,一条堀川,二条堀川,2584
2020-05,一条室町,一条新町,2763
2020-05,一条室町,一条烏丸,2862
2020-05,一条室町,二条室町,2966
2020-05,一条新町,一条堀川,2620
2020-05,一条新町,一条室町,2881
2020-05,一条新町,二条新町,2751
2020-05,一条烏丸,一条室町,2940
2020-05,一条烏丸,一条車屋,3085
2020-05,一条烏丸,二条烏丸,3091
2020-05,一条車屋,一条烏丸,3157
2020-05,一条車屋,二条車屋,2983
2020-05,三条堀川,三条新町,2909
2020-05,三条堀川,二条堀川,2731
2020-05,三条堀川,四条堀川,2950
2020-05,三条室町,三条新町,3109
2020-05,三条室町,三条烏丸,3301
2020-05,三条室町,二条室町,3067
2020-05,三条室町,四条室町,3263
2020-05,三条新町,三条堀川,2937
2020-05,三条新町,三条室町,3223
2020-05,三条新町,二条新町,2936
2020-05,三条新町,四条新町,3022
2020-05,三条烏丸,三条室町,3346
2020-05,三条烏丸,三条車屋,3381
2020-05,三条烏丸,二条烏丸,3246
2020-05,三条烏丸,四条烏丸,3381
2020-05,三条車屋,三条烏丸,3373
2020-05,三条車屋,二条車屋,3051
2020-05,三条車屋,四条車屋,3228
2020-05,二条堀川,一条堀川,2600
2020-05,二条堀川,三条堀川,2852
2020-05,二条堀川,二条新町,2840
2020-05,二条室町,一条室町,2915
2020-05,二条室町,三条室町,3090
2020-05,二条室町,二条新町,2938
2020-05,二条室町,二条烏丸,3113
2020-05,二条新町,一条新町,2734
2020-05,二条新町,三条新町,2943
2020-05,二条新町,二条堀川,2766
2020-05,二条新町,二条室町,2878
2020-05,二条烏丸,一条烏丸,3051
2020-05,二条烏丸,三条烏丸,3254
2020-05,二条烏丸,二条室町,3097
2020-05,二条烏丸,二条車屋,3298
2020-05,二条車屋,一条車屋,3058
2020-05,二条車屋,三条車屋,3126
2020-05,二条車屋,二条烏丸,3177
2020-05,五条堀川,五条新町,2958
2020-05,五条堀川,四条堀川,3062
2020-05,五条室町,五条新町,3071
2020-05,五条室町,五条烏丸,3198
2020-05,五条室町,四条室町,3380
2020-05,五条新町,五条堀川,2911
2020-05,五条新町,五条室町,3183
2020-05,五条新町,四条新町,3273
2020-05,五条烏丸,五条室町,3257
2020-05,五条烏丸,五条車屋,3399
2020-05,五条烏丸,四条烏丸,3562
2020-05,五条車屋,五条烏丸,3488
2020-05,五条車屋,四条車屋,3355
2020-05,四条堀川,三条堀川,2933
2020-05,四条堀川,五条堀川,3051
2020-05,四条堀川,四条新町,3212
2020-05,四条室町,三条室町,3239
2020-05,四条室町,五条室町,3376
2020-05,四条室町,四条新町,3221
2020-05,四条室町,四条烏丸,3360
2020-05,四条新町,三条新町,3075
2020-05,四条新町,五条新町,3267
2020-05,四条新町,四条堀川,3018
2020-05,四条新町,四条室町,3216
2020-05,四条烏丸,三条烏丸,3375
2020-05,四条烏丸,五条烏丸,3518
2020-05,四条烏丸,四条室町,3412
2020-05,四条烏丸,四条車屋,3543
2020-05,四条車屋,三条車屋,3206
2020-05,四条車屋,五条車屋,3417
2020-05,四条車屋,四条烏丸,3584
2020-06,一条堀川,一条新町,2544
2020-06,一条堀川,二条堀川,2559
2020-06,一条室町,一条新町,2691
2020-06,一条室町,一条烏丸,2841
2020-06,一条室町,二条室町,2759
2020-06,一条新町,一条堀川,2520
2020-06,一条新町,一条室町,2682
2020-06,一条新町,二条新町,2741
2020-06,一条烏丸,一条室町,2828
2020-06,一条烏丸,一条車屋,3054
2020-06,一条烏丸,二条烏丸,2987
2020-06,一条車屋,一条烏丸,2954
2020-06,一条車屋,二条車屋,2756
2020-06,三条堀川,三条新町,2799
2020-06,三条堀川,二条堀川,2671
2020-06,三条堀川,四条堀川,2815
2020-06,三条室町,三条新町,2983
2020-06,三条室町,三条烏丸,3136
2020-06,三条室町,二条室町,2974
2020-06,三条室町,四条室町,3164
2020-06,三条新町,三条堀川,2913
2020-06,三条新町,三条室町,3029
2020-06,三条新町,二条新町,2854
2020-06,三条新町,四条新町,3026
2020-06,三条烏丸,三条室町,3107
2020-06,三条烏丸,三条車屋,3330
2020-06,三条烏丸,二条烏丸,3234
2020-06,三条烏丸,四条烏丸,3171
2020-06,三条車屋,三条烏丸,3211
2020-06,三条車屋,二条車屋,3072
2020-06,三条車屋,四条車屋,3156
2020-06,二条堀川,一条堀川,2622
2020-06,二条堀川,三条堀川,2649
2020-06,二条堀川,二条新町,2779
2020-06,二条室町,一条室町,2895
2020-06,二条室町,三条室町,2987
2020-06,二条室町,二条新町,2867
2020-06,二条室町,二条烏丸,2918
2020-06,二条新町,一条新町,2738
2020-06,二条新町,三条新町,2825
2020-06,二条新町,二条堀川,2699
2020-06,二条新町,二条室町,2824
2020-06,二条烏丸,一条烏丸,2995
2020-06,二条烏丸,三条烏丸,3125
2020-06,二条烏丸,二条室町,3044
2020-06,二条烏丸,二条車屋,3226
2020-06,二条車屋,一条車屋,2845
2020-06,二条車屋,三条車屋,2911
2020-06,二条車屋,二条烏丸,3135
2020-06,五条堀川,五条新町,2865
2020-06,五条堀川,四条堀川,2960
2020-06,五条室町,五条新町,3022
2020-06,五条室町,五条烏丸,3157
2020-06,五条室町,四条室町,3272
2020-06,五条新町,五条堀川,2826
2020-06,五条新町,五条室町,3052
2020-06,五条新町,四条新町,3138
2020-06,五条烏丸,五条室町,3216
2020-06,五条烏丸,五条車屋,3303
2020-06,五条烏丸,四条烏丸,3533
2020-06,五条車屋,五条烏丸,3346
2020-06,五条車屋,四条車屋,3208
2020-06,四条堀川,三条堀川,2818
2020-06,四条堀川,五条堀川,2988
2020-06,四条堀川,四条新町,3011
2020-06,四条室町,三条室町,3175
2020-06,四条室町,五条室町,3356
2020-06,四条室町,四条新町,3178
2020-06,四条室町,四条烏丸,3263
2020-06,四条新町,三条新町,2927
2020-06,四条新町,五条新町,3207
2020-06,四条新町,四条堀川,3017
2020-06,四条新町,四条室町,3123
2020-06,四条烏丸,三条烏丸,3247
2020-06,四条烏丸,五条烏丸,3397
2020-06,四条烏丸,四条室町,3365
2020-06,四条烏丸,四条車屋,3375
2020-06,四条車屋,三条車屋,3182
2020-06,四条車屋,五条車屋,3250
2020-06,四条車屋,四条烏丸,3356
2020-07,一条堀川,一条新町,2691
2020-07,一条堀川,二条堀川,2692
2020-07,一条室町,一条新町,2749
2020-07,一条室町,一条烏丸,2978
2020-07,一条室町,二条室町,2985
2020-07,一条新町,一条堀川,2625
2020-07,一条新町,一条室町,2810
2020-07,一条新町,二条新町,2700
2020-07,一条烏丸,一条室町,2853
2020-07,一条烏丸,一条車屋,3212
2020-07,一条烏丸,二条烏丸,3181
2020-07,一条車屋,一条烏丸,3066
2020-07,一条車屋,二条車屋,2988
2020-07,三条堀川,三条新町,3006
2020-07,三条堀川,二条堀川,2854
2020-07,三条堀川,四条堀川,2899
2020-07,三条室町,三条新町,3022
2020-07,三条室町,三条烏丸,3203
2020-07,三条室町,二条室町,3164
2020-07,三条室町,四条室町,3226
2020-07,三条新町,三条堀川,2912
2020-07,三条新町,三条室町,3037
2020-07,三条新町,二条新町,2953
2020-07,三条新町,四条新町,3139
2020-07,三条烏丸,三条室町,3244
2020-07,三条烏丸,三条車屋,3434
2020-07,三条烏丸,二条烏丸,3337
2020-07,三条烏丸,四条烏丸,3354
2020-07,三条車屋,三条烏丸,3404
2020-07,三条車屋,二条車屋,3094
2020-07,三条車屋,四条車屋,3273
2020-07,二条堀川,一条堀川,2713
2020-07,二条堀川,三条堀川,2768
2020-07,二条堀川,二条新町,2789
2020-07,二条室町,一条室町,2957
2020-07,二条室町,三条室町,3110
2020-07,二条室町,二条新町,2877
2020-07,二条室町,二条烏丸,3061
2020-07,二条新町,一条新町,2884
2020-07,二条新町,三条新町,2925
2020-07,二条新町,二条堀川,2791
2020-07,二条新町,二条室町,2952
2020-07,二条烏丸,一条烏丸,3099
2020-07,二条烏丸,三条烏丸,3322
2020-07,二条烏丸,二条室町,3137
2020-07,二条烏丸,二条車屋,3256
2020-07,二条車屋,一条車屋,2859
2020-07,二条車屋,三条車屋,3086
2020-07,二条車屋,二条烏丸,3203
2020-07,五条堀川,五条新町,3058
2020-07,五条堀川,四条堀川,2940
2020-07,五条室町,五条新町,3136
2020-07,五条室町,五条烏丸,3297
2020-07,五条室町,四条室町,3385
2020-07,五条新町,五条堀川,2960
2020-07,五条新町,五条室町,3110
2020-07,五条新町,四条新町,3176
2020-07,五条烏丸,五条室町,3302
2020-07,五条烏丸,五条車屋,3564
2020-07,五条烏丸,四条烏丸,3542
2020-07,五条車屋,五条烏丸,3402
2020-07,五条車屋,四条車屋,3455
2020-07,四条堀川,三条堀川,2957
2020-07,四条堀川,五条堀川,3073
2020-07,四条堀川,四条新町,3132
2020-07,四条室町,三条室町,3359
2020-07,四条室町,五条室町,3433
2020-07,四条室町,四条新町,3206
2020-07,四条室町,四条烏丸,3402
2020-07,四条新町,三条新町,3108
2020-07,四条新町,五条新町,3266
2020-07,四条新町,四条堀川,3129
2020-07,四条新町,四条室町,3223
2020-07,四条烏丸,三条烏丸,3324
2020-07,四条烏丸,五条烏丸,3570
2020-07,四条烏丸,四条室町,3408
2020-07,四条烏丸,四条車屋,3571
2020-07,四条車屋,三条車屋,3293
2020-07,四条車屋,五条車屋,3420
2020-07,四条車屋,四条烏丸,3600
2020-08,一条堀川,一条新町,2732
2020-08,一条堀川,二条堀川,2644
2020-08,一条室町,一条新町,2837
2020-08,一条室町,一条烏丸,2995
2020-08,一条室町,二条室町,2910
2020-08,一条新町,一条堀川,2670
2020-08,一条新町,一条室町,2807
2020-08,一条新町,二条新町,2829
2020-08,一条烏丸,一条室町,2938
2020-08,一条烏丸,一条車屋,3081
2020-08,一条烏丸,二条烏丸,3093
2020-08,一条車屋,一条烏丸,3115
2020-08,一条車屋,二条車屋,2911
2020-08,三条堀川,三条新町,2930
2020-08,三条堀川,二条堀川,2758
2020-08,三条堀川,四条堀川,2937
2020-08,三条室町,三条新町,3076
2020-08,三条室町,三条烏丸,3179
2020-08,三条室町,二条室町,3122
2020-08,三条室町,四条室町,3326
2020-08,三条新町,三条堀川,2951
2020-08,三条新町,三条室町,3073
2020-08,三条新町,二条新町,2932
2020-08,三条新町,四条新町,3120
2020-08,三条烏丸,三条室町,3175
2020-08,三条烏丸,三条車屋,3464
2020-08,三条烏丸,二条烏丸,3308
2020-08,三条烏丸,四条烏丸,3470
2020-08,三条車屋,三条烏丸,3325
2020-08,三条車屋,二条車屋,2993
2020-08,三条車屋,四条車屋,3301
2020-08,二条堀川,一条堀川,2628
2020-08,二条堀川,三条堀川,2764
2020-08,二条堀川,二条新町,2791
2020-08,二条室町,一条室町,3000
2020-08,二条室町,三条室町,3129
2020-08,二条室町,二条新町,2928
2020-08,二条室町,二条烏丸,3108
2020-08,二条新町,一条新町,2863
2020-08,二条新町,三条新町,2875
2020-08,二条新町,二条堀川,2749
2020-08,二条新町,二条室町,2971
2020-08,二条烏丸,一条烏丸,3054
2020-08,二条烏丸,三条烏丸,3226
2020-08,二条烏丸,二条室町,3095
2020-08,二条烏丸,二条車屋,3216
2020-08,二条車屋,一条車屋,2958
2020-08,二条車屋,三条車屋,3214
2020-08,二条車屋,二条烏丸,3223
2020-08,五条堀川,五条新町,2914
2020-08,五条堀川,四条堀川,3073
2020-08,五条室町,五条新町,3137
2020-08,五条室町,五条烏丸,3156
2020-08,五条室町,四条室町,3460
2020-08,五条新町,五条堀川,3032
2020-08,五条新町,五条室町,3079
2020-08,五条新町,四条新町,3348
2020-08,五条烏丸,五条室町,3240
2020-08,五条烏丸,五条車屋,3439
2020-08,五条烏丸,四条烏丸,3582
2020-08,五条車屋,五条烏丸,3420
2020-08,五条車屋,四条車屋,3414
2020-08,四条堀川,三条堀川,2932
2020-08,四条堀川,五条堀川,3012
2020-08,四条堀川,四条新町,3108
2020-08,四条室町,三条室町,3250
2020-08,四条室町,五条室町,3464
2020-08,四条室町,四条新町,3302
2020-08,四条室町,四条烏丸,3412
2020-08,四条新町,三条新町,3093
2020-08,四条新町,五条新町,3241
2020-08,四条新町,四条堀川,3060
2020-08,四条新町,四条室町,3203
2020-08,四条烏丸,三条烏丸,3415
2020-08,四条烏丸,五条烏丸,3545
2020-08,四条烏丸,四条室町,3436
2020-08,四条烏丸,四条車屋,3578
2020-08,四条車屋,三条車屋,3256
2020-08,四条車屋,五条車屋,3422
2020-08,四条車屋,四条烏丸,3625
2020-09,一条堀川,一条新町,2500
2020-09,一条堀川,二条堀川,2594
2020-09,一条室町,一条新町,2715
2020-09,一条室町,一条烏丸,2828
2020-09,一条室町,二条室町,2902
2020-09,一条新町,一条堀川,2570
2020-09,一条新町,一条室町,2762
2020-09,一条新町,二条新町,2821
2020-09,一条烏丸,一条室町,2919
2020-09,一条烏丸,一条車屋,3059
2020-09,一条烏丸,二条烏丸,2973
2020-09,一条車屋,一条烏丸,3059
2020-09,一条車屋,二条車屋,2822
2020-09,三条堀川,三条新町,2814
2020-09,三条堀川,二条堀川,2761
2020-09,三条堀川,四条堀川,2840
2020-09,三条室町,三条新町,3029
2020-09,三条室町,三条烏丸,3156
2020-09,三条室町,二条室町,2977
2020-09,三条室町,四条室町,3105
2020-09,三条新町,三条堀川,2943
2020-09,三条新町,三条室町,2973
2020-09,三条新町,二条新町,2875
2020-09,三条新町,四条新町,2936
2020-09,三条烏丸,三条室町,3088
2020-09,三条烏丸,三条車屋,3372
2020-09,三条烏丸,二条烏丸,3086
2020-09,三条烏丸,四条烏丸,3287
2020-09,三条車屋,三条烏丸,3242
2020-09,三条車屋,二条車屋,2867
2020-09,三条車屋,四条車屋,3232
2020-09,二条堀川,一条堀川,2501
2020-09,二条堀川,三条堀川,2732
2020-09,二条堀川,二条新町,2745
2020-09,二条室町,一条室町,2886
2020-09,二条室町,三条室町,2940
2020-09,二条室町,二条新町,2879
2020-09,二条室町,二条烏丸,3035
2020-09,二条新町,一条新町,2642
2020-09,二条新町,三条新町,2836
2020-09,二条新町,二条堀川,2765
2020-09,二条新町,二条室町,2824
2020-09,二条烏丸,一条烏丸,3019
2020-09,二条烏丸,三条烏丸,3140
2020-09,二条烏丸,二条室町,2986
2020-09,二条烏丸,二条車屋,3198
2020-09,二条車屋,一条車屋,2765
2020-09,二条車屋,三条車屋,3060
2020-09,二条車屋,二条烏丸,3112
2020-09,五条堀川,五条新町,2822
2020-09,五条堀川,四条堀川,2904
2020-09,五条室町,五条新町,3040
2020-09,五条室町,五条烏丸,3081
2020-09,五条室町,四条室町,3292
2020-09,五条新町,五条堀川,2825
2020-09,五条新町,五条室町,2962
2020-09,五条新町,四条新町,3213
2020-09,五条烏丸,五条室町,3185
2020-09,五条烏丸,五条車屋,3349
2020-09,五条烏丸,四条烏丸,3439
2020-09,五条車屋,五条烏丸,3282
2020-09,五条車屋,四条車屋,3217
2020-09,四条堀川,三条堀川,2934
2020-09,四条堀川,五条堀川,3010
2020-09,四条堀川,四条新町,2999
2020-09,四条室町,三条室町,3129
2020-09,四条室町,五条室町,3334
2020-09,四条室町,四条新町,3195
2020-09,四条室町,四条烏丸,3194
2020-09,四条新町,三条新町,2999
2020-09,四条新町,五条新町,3114
2020-09,四条新町,四条堀川,3009
2020-09,四条新町,四条室町,3126
2020-09,四条烏丸,三条烏丸,3237
2020-09,四条烏丸,五条烏丸,3451
2020-09,四条烏丸,四条室町,3344
2020-09,四条烏丸,四条車屋,3403
2020-09,四条車屋,三条車屋,3188
2020-09,四条車屋,五条車屋,3296
2020-09,四条車屋,四条烏丸,3421
2020-10,一条堀川,一条新町,2654
2020-10,一条堀川,二条堀川,2673
2020-10,一条室町,一条新町,2816
2020-10,一条室町,一条烏丸,2950
2020-10,一条室町,二条室町,2945
2020-10,一条新町,一条堀川,2738
2020-10,一条新町,一条室町,2831
2020-10,一条新町,二条新町,2696
2020-10,一条烏丸,一条室町,2869
2020-10,一条烏丸,一条車屋,3041
2020-10,一条烏丸,二条烏丸,3110
2020-10,一条車屋,一条烏丸,3046
2020-10,一条車屋,二条車屋,2980
2020-10,三条堀川,三条新町,2974
2020-10,三条堀川,二条堀川,2767
2020-10,三条堀川,四条堀川,2940
2020-10,三条室町,三条新町,3092
2020-10,三条室町,三条烏丸,3205
2020-10,三条室町,二条室町,3196
2020-10,三条室町,四条室町,3260
2020-10,三条新町,三条堀川,2961
2020-10,三条新町,三条室町,3039
2020-10,三条新町,二条新町,2887
2020-10,三条新町,四条新町,3083
2020-10,三条烏丸,三条室町,3323
2020-10,三条烏丸,三条車屋,3373
2020-10,三条烏丸,二条烏丸,3209
2020-10,三条烏丸,四条烏丸,3477
2020-10,三条車屋,三条烏丸,3417
2020-10,三条車屋,二条車屋,3150
2020-10,三条車屋,四条車屋,3142
2020-10,二条堀川,一条堀川,2693
2020-10,二条堀川,三条堀川,2790
2020-10,二条堀川,二条新町,2835
2020-10,二条室町,一条室町,2858
2020-10,二条室町,三条室町,3112
2020-10,二条室町,二条新町,3048
2020-10,二条室町,二条烏丸,3082
2020-10,二条新町,一条新町,2793
2020-10,二条新町,三条新町,2970
2020-10,二条新町,二条堀川,2846
2020-10,二条新町,二条室町,2960
2020-10,二条烏丸,一条烏丸,3035
2020-10,二条烏丸,三条烏丸,3230
2020-10,二条烏丸,二条室町,3119
2020-10,二条烏丸,二条車屋,3264
2020-10,二条車屋,一条車屋,2923
2020-10,二条車屋,三条車屋,3149
2020-10,二条車屋,二条烏丸,3318
2020-10,五条堀川,五条新町,2963
2020-10,五条堀川,四条堀川,3186
2020-10,五条室町,五条新町,3082
2020-10,五条室町,五条烏丸,3292
2020-10,五条室町,四条室町,3428
2020-10,五条新町,五条堀川,3005
2020-10,五条新町,五条室町,3085
2020-10,五条新町,四条新町,3305
2020-10,五条烏丸,五条室町,3243
2020-10,五条烏丸,五条車屋,3377
2020-10,五条烏丸,四条烏丸,3617
2020-10,五条車屋,五条烏丸,3429
2020-10,五条車屋,四条車屋,3352
2020-10,四条堀川,三条堀川,2958
2020-10,四条堀川,五条堀川,3085
2020-10,四条堀川,四条新町,3188
2020-10,四条室町,三条室町,3228
2020-10,四条室町,五条室町,3434
2020-10,四条室町,四条新町,3289
2020-10,四条室町,四条烏丸,3418
2020-10,四条新町,三条新町,3048
2020-10,四条新町,五条新町,3275
2020-10,四条新町,四条堀川,3121
2020-10,四条新町,四条室町,3377
2020-10,四条烏丸,三条烏丸,3465
2020-10,四条烏丸,五条烏丸,3495
2020-10,四条烏丸,四条室町,3529
2020-10,四条烏丸,四条車屋,3531
2020-10,四条車屋,三条車屋,3259
2020-10,四条車屋,五条車屋,3512
2020-10,四条車屋,四条烏丸,3530
2020-11,一条堀川,一条新町,2588
2020-11,一条堀川,二条堀川,2561
2020-11,一条室町,一条新町,2869
2020-11,一条室町,一条烏丸,2837
2020-11,一条室町,二条室町,2773
2020-11,一条新町,一条堀川,2575
2020-11,一条新町,一条室町,2685
2020-11,一条新町,二条新町,2727
2020-11,一条烏丸,一条室町,2941
2020-11,一条烏丸,一条車屋,3030
2020-11,一条烏丸,二条烏丸,2999
2020-11,一条車屋,一条烏丸,2992
2020-11,一条車屋,二条車屋,2978
2020-11,三条堀川,三条新町,2804
2020-11,三条堀川,二条堀川,2748
2020-11,三条堀川,四条堀川,2758
2020-11,三条室町,三条新町,2980
2020-11,三条室町,三条烏丸,3087
2020-11,三条室町,二条室町,2949
2020-11,三条室町,四条室町,3165
2020-11,三条新町,三条堀川,2779
2020-11,三条新町,三条室町,2998
2020-11,三条新町,二条新町,2830
2020-11,三条新町,四条新町,2942
2020-11,三条烏丸,三条室町,3101
2020-11,三条烏丸,三条車屋,3371
2020-11,三条烏丸,二条烏丸,3184
2020-11,三条烏丸,四条烏丸,3236
2020-11,三条車屋,三条烏丸,3388
2020-11,三条車屋,二条車屋,2953
2020-11,三条車屋,四条車屋,3235
2020-11,二条堀川,一条堀川,2558
2020-11,二条堀川,三条堀川,2645
2020-11,二条堀川,二条新町,2642
2020-11,二条室町,一条室町,2795
2020-11,二条室町,三条室町,3097
2020-11,二条室町,二条新町,2839
2020-11,二条室町,二条烏丸,2962
2020-11,二条新町,一条新町,2614
2020-11,二条新町,三条新町,2784
2020-11,二条新町,二条堀川,2673
2020-11,二条新町,二条室町,2865
2020-11,二条烏丸,一条烏丸,2894
2020-11,二条烏丸,三条烏丸,3178
2020-11,二条烏丸,二条室町,3019
2020-11,二条烏丸,二条車屋,3145
2020-11,二条車屋,一条車屋,2871
2020-11,二条車屋,三条車屋,3066
2020-11,二条車屋,二条烏丸,3056
2020-11,五条堀川,五条新町,2840
2020-11,五条堀川,四条堀川,2989
2020-11,五条室町,五条新町,3015
2020-11,五条室町,五条烏丸,3101
2020-11,五条室町,四条室町,3271
2020-11,五条新町,五条堀川,2790
2020-11,五条新町,五条室町,3046
2020-11,五条新町,四条新町,3221
2020-11,五条烏丸,五条室町,3215
2020-11,五条烏丸,五条車屋,3313
2020-11,五条烏丸,四条烏丸,3458
2020-11,五条車屋,五条烏丸,3240
2020-11,五条車屋,四条車屋,3405
2020-11,四条堀川,三条堀川,2809
2020-11,四条堀川,五条堀川,3037
2020-11,四条堀川,四条新町,2961
2020-11,四条室町,三条室町,3142
2020-11,四条室町,五条室町,3303
2020-11,四条室町,四条新町,3224
2020-11,四条室町,四条烏丸,3250
2020-11,四条新町,三条新町,3119
2020-11,四条新町,五条新町,3209
2020-11,四条新町,四条堀川,3008
2020-11,四条新町,四条室町,3180
2020-11,四条烏丸,三条烏丸,3307
2020-11,四条烏丸,五条烏丸,3484
2020-11,四条烏丸,四条室町,3395
2020-11,四条烏丸,四条車屋,3400
2020-11,四条車屋,三条車屋,3106
2020-11,四条車屋,五条車屋,3228
2020-11,四条車屋,四条烏丸,3476
2020-12,一条堀川,一条新町,2572
2020-12,一条堀川,二条堀川,2630
2020-12,一条室町,一条新町,2753
2020-12,一条室町,一条烏丸,2950
2020-12,一条室町,二条室町,2919
2020-12,一条新町,一条堀川,2574
2020-12,一条新町,一条室町,2750
2020-12,一条新町,二条新町,2780
2020-12,一条烏丸,一条室町,2932
2020-12,一条烏丸,一条車屋,3088
2020-12,一条烏丸,二条烏丸,3073
2020-12,一条車屋,一条烏丸,3131
2020-12,一条車屋,二条車屋,2939
2020-12,三条堀川,三条新町,3043
2020-12,三条堀川,二条堀川,2766
2020-12,三条堀川,四条堀川,2945
2020-12,三条室町,三条新町,3049
2020-12,三条室町,三条烏丸,3251
2020-12,三条室町,二条室町,3166
2020-12,三条室町,四条室町,3219
2020-12,三条新町,三条堀川,3000
2020-12,三条新町,三条室町,3036
2020-12,三条新町,二条新町,2916
2020-12,三条新町,四条新町,3093
2020-12,三条烏丸,三条室町,3287
2020-12,三条烏丸,三条車屋,3357
2020-12,三条烏丸,二条烏丸,3320
2020-12,三条烏丸,四条烏丸,3389
2020-12,三条車屋,三条烏丸,3368
2020-12,三条車屋,二条車屋,3121
2020-12,三条車屋,四条車屋,3239
2020-12,二条堀川,一条堀川,2604
2020-12,二条堀川,三条堀川,2718
2020-12,二条堀川,二条新町,2770
2020-12,二条室町,一条室町,2949
2020-12,二条室町,三条室町,3047
2020-12,二条室町,二条新町,2846
2020-12,二条室町,二条烏丸,3139
2020-12,二条新町,一条新町,2713
2020-12,二条新町,三条新町,2952
2020-12,二条新町,二条堀川,2817
2020-12,二条新町,二条室町,2880
2020-12,二条烏丸,一条烏丸,3113
2020-12,二条烏丸,三条烏丸,3292
2020-12,二条烏丸,二条室町,3090
2020-12,二条烏丸,二条車屋,3288
2020-12,二条車屋,一条車屋,2922
2020-12,二条車屋,三条車屋,3068
2020-12,二条車屋,二条烏丸,3239
2020-12,五条堀川,五条新町,3006
2020-12,五条堀川,四条堀川,3140
2020-12,五条室町,五条新町,3041
2020-12,五条室町,五条烏丸,3279
2020-12,五条室町,四条室町,3473
2020-12,五条新町,五条堀川,2941
2020-12,五条新町,五条室町,3143
2020-12,五条新町,四条新町,3327
2020-12,五条烏丸,五条室町,3294
2020-12,五条烏丸,五条車屋,3430
2020-12,五条烏丸,四条烏丸,3612
2020-12,五条車屋,五条烏丸,3467
2020-12,五条車屋,四条車屋,3377
2020-12,四条堀川,三条堀川,2988
2020-12,四条堀川,五条堀川,3099
2020-12,四条堀川,四条新町,3101
2020-12,四条室町,三条室町,3379
2020-12,四条室町,五条室町,3459
2020-12,四条室町,四条新町,3286
2020-12,四条室町,四条烏丸,3383
2020-12,四条新町,三条新町,3104
2020-12,四条新町,五条新町,3288
2020-12,四条新町,四条堀川,2984
2020-12,四条新町,四条室町,3300
2020-12,四条烏丸,三条烏丸,3442
2020-12,四条烏丸,五条烏丸,3472
2020-12,四条烏丸,四条室町,3509
2020-12,四条烏丸,四条車屋,3556
2020-12,四条車屋,三条車屋,3303
2020-12,四条車屋,五条車屋,3463
2020-12,四条車屋,四条烏丸,3672
2021-01,一条堀川,一条新町,2654
2021-01,一条堀川,二条堀川,2561
2021-01,一条室町,一条新町,2720
2021-01,一条室町,一条烏丸,2960
2021-01,一条室町,二条室町,2940
2021-01,一条新町,一条堀川,2630
2021-01,一条新町,一条室町,2830
2021-01,一条新町,二条新町,2786
2021-01,一条烏丸,一条室町,2904
2021-01,一条烏丸,一条車屋,3177
2021-01,一条烏丸,二条烏丸,3068
2021-01,一条車屋,一条烏丸,3121
2021-01,一条車屋,二条車屋,2904
2021-01,三条堀川,三条新町,2903
2021-01,三条堀川,二条堀川,2766
2021-01,三条堀川,四条堀川,2849
2021-01,三条室町,三条新町,3088
2021-01,三条室町,三条烏丸,3278
2021-01,三条室町,二条室町,3066
2021-01,三条室町,四条室町,3359
2021-01,三条新町,三条堀川,2944
2021-01,三条新町,三条室町,3209
2021-01,三条新町,二条新町,2900
2021-01,三条新町,四条新町,3113
2021-01,三条烏丸,三条室町,3221
2021-01,三条烏丸,三条車屋,3394
2021-01,三条烏丸,二条烏丸,3261
2021-01,三条烏丸,四条烏丸,3406
2021-01,三条車屋,三条烏丸,3526
2021-01,三条車屋,二条車屋,3082
2021-01,三条車屋,四条車屋,3214
2021-01,二条堀川,一条堀川,2624
2021-01,二条堀川,三条堀川,2772
2021-01,二条堀川,二条新町,2826
2021-01,二条室町,一条室町,2914
2021-01,二条室町,三条室町,3136
2021-01,二条室町,二条新町,2909
2021-01,二条室町,二条烏丸,3097
2021-01,二条新町,一条新町,2768
2021-01,二条新町,三条新町,2875
2021-01,二条新町,二条堀川,2818
2021-01,二条新町,二条室町,2864
2021-01,二条烏丸,一条烏丸,3060
2021-01,二条烏丸,三条烏丸,3243
2021-01,二条烏丸,二条室町,3082
2021-01,二条烏丸,二条車屋,3228
2021-01,二条車屋,一条車屋,3041
2021-01,二条車屋,三条車屋,3035
2021-01,二条車屋,二条烏丸,3267
2021-01,五条堀川,五条新町,2979
2021-01,五条堀川,四条堀川,2983
2021-01,五条室町,五条新町,3096
2021-01,五条室町,五条烏丸,3264
2021-01,五条室町,四条室町,3409
2021-01,五条新町,五条堀川,3041
2021-01,五条新町,五条室町,3132
2021-01,五条新町,四条新町,3279
2021-01,五条烏丸,五条室町,3285
2021-01,五条烏丸,五条車屋,3421
2021-01,五条烏丸,四条烏丸,3537
2021-01,五条車屋,五条烏丸,3431
2021-01,五条車屋,四条車屋,3353
2021-01,四条堀川,三条堀川,2972
2021-01,四条堀川,五条堀川,3151
2021-01,四条堀川,四条新町,3053
2021-01,四条室町,三条室町,3245
2021-01,四条室町,五条室町,3339
2021-01,四条室町,四条新町,3364
2021-01,四条室町,四条烏丸,3365
2021-01,四条新町,三条新町,3082
2021-01,四条新町,五条新町,3155
2021-01,四条新町,四条堀川,3085
2021-01,四条新町,四条室町,3267
2021-01,四条烏丸,三条烏丸,3438
2021-01,四条烏丸,五条烏丸,3536
2021-01,四条烏丸,四条室町,3319
2021-01,四条烏丸,四条車屋,3584
2021-01,四条車屋,三条車屋,3177
2021-01,四条車屋,五条車屋,3398
2021-01,四条車屋,四条烏丸,3563
2021-02,一条堀川,一条新町,2378
2021-02,一条堀川,二条堀川,2388
2021-02,一条室町,一条新町,2413
2021-02,一条室町,一条烏丸,2668
2021-02,一条室町,二条室町,2700
2021-02,一条新町,一条堀川,2388
2021-02,一条新町,一条室町,2511
2021-02,一条新町,二条新町,2481
2021-02,一条烏丸,一条室町,2643
2021-02,一条烏丸,一条車屋,2748
2021-02,一条烏丸,二条烏丸,2789
2021-02,一条車屋,一条烏丸,2760
2021-02,一条車屋,二条車屋,2588
2021-02,三条堀川,三条新町,2641
2021-02,三条堀川,二条堀川,2554
2021-02,三条堀川,四条堀川,2678
2021-02,三条室町,三条新町,2767
2021-02,三条室町,三条烏丸,2984
2021-02,三条室町,二条室町,2761
2021-02,三条室町,四条室町,2871
2021-02,三条新町,三条堀川,2620
2021-02,三条新町,三条室町,2757
2021-02,三条新町,二条新町,2538
2021-02,三条新町,四条新町,2782
2021-02,三条烏丸,三条室町,2926
2021-02,三条烏丸,三条車屋,3076
2021-02,三条烏丸,二条烏丸,2920
2021-02,三条烏丸,四条烏丸,3134
2021-02,三条車屋,三条烏丸,3176
2021-02,三条車屋,二条車屋,2756
2021-02,三条車屋,四条車屋,3013
2021-02,二条堀川,一条堀川,2354
2021-02,二条堀川,三条堀川,2505
2021-02,二条堀川,二条新町,2542
2021-02,二条室町,一条室町,2738
2021-02,二条室町,三条室町,2810
2021-02,二条室町,二条新町,2637
2021-02,二条室町,二条烏丸,2830
2021-02,二条新町,一条新町,2510
2021-02,二条新町,三条新町,2656
2021-02,二条新町,二条堀川,2506
2021-02,二条新町,二条室町,2725
2021-02,二条烏丸,一条烏丸,2831
2021-02,二条烏丸,三条烏丸,2994
2021-02,二条烏丸,二条室町,2842
2021-02,二条烏丸,二条車屋,2828
2021-02,二条車屋,一条車屋,2636
2021-02,二条車屋,三条車屋,2803
2021-02,二条車屋,二条烏丸,3007
2021-02,五条堀川,五条新町,2655
2021-02,五条堀川,四条堀川,2820
2021-02,五条室町,五条新町,2838
2021-02,五条室町,五条烏丸,2973
2021-02,五条室町,四条室町,3093
2021-02,五条新町,五条堀川,2603
2021-02,五条新町,五条室町,2693
2021-02,五条新町,四条新町,2847
2021-02,五条烏丸,五条室町,2941
2021-02,五条烏丸,五条車屋,3020
2021-02,五条烏丸,四条烏丸,3167
2021-02,五条車屋,五条烏丸,3122
2021-02,五条車屋,四条車屋,3048
2021-02,四条堀川,三条堀川,2637
2021-02,四条堀川,五条堀川,2815
2021-02,四条堀川,四条新町,2707
2021-02,四条室町,三条室町,2992
2021-02,四条室町,五条室町,3072
2021-02,四条室町,四条新町,2959
2021-02,四条室町,四条烏丸,2955
2021-02,四条新町,三条新町,2822
2021-02,四条新町,五条新町,2951
2021-02,四条新町,四条堀川,2832
2021-02,四条新町,四条室町,3070
2021-02,四条烏丸,三条烏丸,3095
2021-02,四条烏丸,五条烏丸,3220
2021-02,四条烏丸,四条室町,3124
2021-02,四条烏丸,四条車屋,3266
2021-02,四条車屋,三条車屋,2904
2021-02,四条車屋,五条車屋,3061
2021-02,四条車屋,四条烏丸,3286
2021-03,一条堀川,一条新町,2676
2021-03,一条堀川,二条堀川,2645
2021-03,一条室町,一条新町,2810
2021-03,一条室町,一条烏丸,2956
2021-03,一条室町,二条室町,2916
2021-03,一条新町,一条堀川,2614
2021-03,一条新町,一条室町,2802
2021-03,一条新町,二条新町,2703
2021-03,一条烏丸,一条室町,2965
2021-03,一条烏丸,一条車屋,3082
2021-03,一条烏丸,二条烏丸,3042
2021-03,一条車屋,一条烏丸,3160
2021-03,一条車屋,二条車屋,2994
2021-03,三条堀川,三条新町,2965
2021-03,三条堀川,二条堀川,2750
2021-03,三条堀川,四条堀川,2996
2021-03,三条室町,三条新町,3102
2021-03,三条室町,三条烏丸,3208
2021-03,三条室町,二条室町,3085
2021-03,三条室町,四条室町,3285
2021-03,三条新町,三条堀川,2837
2021-03,三条新町,三条室町,3161
2021-03,三条新町,二条新町,3000
2021-03,三条新町,四条新町,3201
2021-03,三条烏丸,三条室町,3314
2021-03,三条烏丸,三条車屋,3479
2021-03,三条烏丸,二条烏丸,3273
2021-03,三条烏丸,四条烏丸,3440
2021-03,三条車屋,三条烏丸,3359
2021-03,三条車屋,二条車屋,3185
2021-03,三条車屋,四条車屋,3223
2021-03,二条堀川,一条堀川,2707
2021-03,二条堀川,三条堀川,2695
2021-03,二条堀川,二条新町,2812
2021-03,二条室町,一条室町,2968
2021-03,二条室町,三条室町,3086
2021-03,二条室町,二条新町,2959
2021-03,二条室町,二条烏丸,3095
2021-03,二条新町,一条新町,2678
2021-03,二条新町,三条新町,2939
2021-03,二条新町,二条堀川,2758
2021-03,二条新町,二条室町,2965
2021-03,二条烏丸,一条烏丸,3112
2021-03,二条烏丸,三条烏丸,3273
2021-03,二条烏丸,二条室町,3105
2021-03,二条烏丸,二条車屋,3285
2021-03,二条車屋,一条車屋,2949
2021-03,二条車屋,三条車屋,3051
2021-03,二条車屋,二条烏丸,3353
2021-03,五条堀川,五条新町,2933
2021-03,五条堀川,四条堀川,3116
2021-03,五条室町,五条新町,3087
2021-03,五条室町,五条烏丸,3344
2021-03,五条室町,四条室町,3306
2021-03,五条新町,五条堀川,2988
2021-03,五条新町,五条室町,3089
2021-03,五条新町,四条新町,3241
2021-03,五条烏丸,五条室町,3312
2021-03,五条烏丸,五条車屋,3347
2021-03,五条烏丸,四条烏丸,3463
2021-03,五条車屋,五条烏丸,3419
2021-03,五条車屋,四条車屋,3346
2021-03,四条堀川,三条堀川,2987
2021-03,四条堀川,五条堀川,3079
2021-03,四条堀川,四条新町,3178
2021-03,四条室町,三条室町,3291
2021-03,四条室町,五条室町,3414
2021-03,四条室町,四条新町,3344
2021-03,四条室町,四条烏丸,3359
2021-03,四条新町,三条新町,3110
2021-03,四条新町,五条新町,3248
2021-03,四条新町,四条堀川,3094
2021-03,四条新町,四条室町,3270
2021-03,四条烏丸,三条烏丸,3458
2021-03,四条烏丸,五条烏丸,3632
2021-03,四条烏丸,四条室町,3483
2021-03,四条烏丸,四条車屋,3543
2021-03,四条車屋,三条車屋,3244
2021-03,四条車屋,五条車屋,3417
2021-03,四条車屋,四条烏丸,3570
2021-04,一条堀川,一条新町,2540
2021-04,一条堀川,二条堀川,2549
2021-04,一条室町,一条新町,2729
2021-04,一条室町,一条烏丸,2900
2021-04,一条室町,二条室町,2874
2021-04,一条新町,一条堀川,2482
2021-04,一条新町,一条室町,2600
2021-04,一条新町,二条新町,2724
2021-04,一条烏丸,一条室町,2836
2021-04,一条烏丸,一条車屋,2981
2021-04,一条烏丸,二条烏丸,3001
2021-04,一条車屋,一条烏丸,2962
2021-04,一条車屋,二条車屋,2834
2021-04,三条堀川,三条新町,2859
2021-04,三条堀川,二条堀川,2708
2021-04,三条堀川,四条堀川,2818
2021-04,三条室町,三条新町,3018
2021-04,三条室町,三条烏丸,3162
2021-04,三条室町,二条室町,3000
2021-04,三条室町,四条室町,3179
2021-04,三条新町,三条堀川,2921
2021-04,三条新町,三条室町,3010
2021-04,三条新町,二条新町,2848
2021-04,三条新町,四条新町,2959
2021-04,三条烏丸,三条室町,3166
2021-04,三条烏丸,三条車屋,3313
2021-04,三条烏丸,二条烏丸,3136
2021-04,三条烏丸,四条烏丸,3288
2021-04,三条車屋,三条烏丸,3273
2021-04,三条車屋,二条車屋,3019
2021-04,三条車屋,四条車屋,3183
2021-04,二条堀川,一条堀川,2557
2021-04,二条堀川,三条堀川,2592
2021-04,二条堀川,二条新町,2641
2021-04,二条室町,一条室町,2863
2021-04,二条室町,三条室町,3050
2021-04,二条室町,二条新町,2794
2021-04,二条室町,二条烏丸,3005
2021-04,二条新町,一条新町,2710
2021-04,二条新町,三条新町,2911
2021-04,二条新町,二条堀川,2658
2021-04,二条新町,二条室町,2837
2021-04,二条烏丸,一条烏丸,3067
2021-04,二条烏丸,三条烏丸,3161
2021-04,二条烏丸,二条室町,2987
2021-04,二条烏丸,二条車屋,3145
2021-04,二条車屋,一条車屋,2881
2021-04,二条車屋,三条車屋,2877
2021-04,二条車屋,二条烏丸,3220
2021-04,五条堀川,五条新町,2893
2021-04,五条堀川,四条堀川,3029
2021-04,五条室町,五条新町,3102
2021-04,五条室町,五条烏丸,3158
2021-04,五条室町,四条室町,3317
2021-04,五条新町,五条堀川,2924
2021-04,五条新町,五条室町,2989
2021-04,五条新町,四条新町,3159
2021-04,五条烏丸,五条室町,3209
2021-04,五条烏丸,五条車屋,3255
2021-04,五条烏丸,四条烏丸,3460
2021-04,五条車屋,五条烏丸,3269
2021-04,五条車屋,四条車屋,3274
2021-04,四条堀川,三条堀川,2796
2021-04,四条堀川,五条堀川,2947
2021-04,四条堀川,四条新町,3055
2021-04,四条室町,三条室町,3106
2021-04,四条室町,五条室町,3341
2021-04,四条室町,四条新町,3108
2021-04,四条室町,四条烏丸,3306
2021-04,四条新町,三条新町,3034
2021-04,四条新町,五条新町,3138
2021-04,四条新町,四条堀川,2951
2021-04,四条新町,四条室町,3193
2021-04,四条烏丸,三条烏丸,3205
2021-04,四条烏丸,五条烏丸,3478
2021-04,四条烏丸,四条室町,3213
2021-04,四条烏丸,四条車屋,3443
2021-04,四条車屋,三条車屋,3054
2021-04,四条車屋,五条車屋,3274
2021-04,四条車屋,四条烏丸,3426
2021-05,一条堀川,一条新町,2649
2021-05,一条堀川,二条堀川,2617
2021-05,一条室町,一条新町,2914
2021-05,一条室町,一条烏丸,2982
2021-05,一条室町,二条室町,2905
2021-05,一条新町,一条堀川,2617
2021-05,一条新町,一条室町,2800
2021-05,一条新町,二条新町,2752
2021-05,一条烏丸,一条室町,3013
2021-05,一条烏丸,一条車屋,3152
2021-05,一条烏丸,二条烏丸,3068
2021-05,一条車屋,一条烏丸,3096
2021-05,一条車屋,二条車屋,2959
2021-05,三条堀川,三条新町,2988
2021-05,三条堀川,二条堀川,2774
2021-05,三条堀川,四条堀川,3056
2021-05,三条室町,三条新町,3096
2021-05,三条室町,三条烏丸,3252
2021-05,三条室町,二条室町,3079
2021-05,三条室町,四条室町,3256
2021-05,三条新町,三条堀川,2880
2021-05,三条新町,三条室町,3016
2021-05,三条新町,二条新町,2992
2021-05,三条新町,四条新町,3155
2021-05,三条烏丸,三条室町,3237
2021-05,三条烏丸,三条車屋,3354
2021-05,三条烏丸,二条烏丸,3296
2021-05,三条烏丸,四条烏丸,3420
2021-05,三条車屋,三条烏丸,3383
2021-05,三条車屋,二条車屋,3111
2021-05,三条車屋,四条車屋,3196
2021-05,二条堀川,一条堀川,2688
2021-05,二条堀川,三条堀川,2770
2021-05,二条堀川,二条新町,2884
2021-05,二条室町,一条室町,2962
2021-05,二条室町,三条室町,3167
2021-05,二条室町,二条新町,2962
2021-05,二条室町,二条烏丸,3077
2021-05,二条新町,一条新町,2760
2021-05,二条新町,三条新町,2943
2021-05,二条新町,二条堀川,2910
2021-05,二条新町,二条室町,2923
2021-05,二条烏丸,一条烏丸,3127
2021-05,二条烏丸,三条烏丸,3287
2021-05,二条烏丸,二条室町,3085
2021-05,二条烏丸,二条車屋,3227
2021-05,二条車屋,一条車屋,2920
2021-05,二条車屋,三条車屋,3154
2021-05,二条車屋,二条烏丸,3200
2021-05,五条堀川,五条新町,2908
2021-05,五条堀川,四条堀川,3082
2021-05,五条室町,五条新町,3179
2021-05,五条室町,五条烏丸,3270
2021-05,五条室町,四条室町,3436
2021-05,五条新町,五条堀川,2914
2021-05,五条新町,五条室町,3061
2021-05,五条新町,四条新町,3197
2021-05,五条烏丸,五条室町,3323
2021-05,五条烏丸,五条車屋,3475
2021-05,五条烏丸,四条烏丸,3623
2021-05,五条車屋,五条烏丸,3347
2021-05,五条車屋,四条車屋,3467
2021-05,四条堀川,三条堀川,2926
2021-05,四条堀川,五条堀川,2994
2021-05,四条堀川,四条新町,3089
2021-05,四条室町,三条室町,3274
2021-05,四条室町,五条室町,3495
2021-05,四条室町,四条新町,3293
2021-05,四条室町,四条烏丸,3369
2021-05,四条新町,三条新町,3203
2021-05,四条新町,五条新町,3262
2021-05,四条新町,四条堀川,3092
2021-05,四条新町,四条室町,3294
2021-05,四条烏丸,三条烏丸,3375
2021-05,四条烏丸,五条烏丸,3590
2021-05,四条烏丸,四条室町,3506
2021-05,四条烏丸,四条車屋,3543
2021-05,四条車屋,三条車屋,3184
2021-05,四条車屋,五条車屋,3385
2021-05,四条車屋,四条烏丸,3534
2021-06,一条堀川,一条新町,2511
2021-06,一条堀川,二条堀川,2613
2021-06,一条室町,一条新町,2670
2021-06,一条室町,一条烏丸,2778
2021-06,一条室町,二条室町,2799
2021-06,一条新町,一条堀川,2478
2021-06,一条新町,一条室町,2637
2021-06,一条新町,二条新町,2739
2021-06,一条烏丸,一条室町,2996
2021-06,一条烏丸,一条車屋,3001
2021-06,一条烏丸,二条烏丸,2948
2021-06,一条車屋,一条烏丸,3018
2021-06,一条車屋,二条車屋,2828
2021-06,三条堀川,三条新町,2812
2021-06,三条堀川,二条堀川,2693
2021-06,三条堀川,四条堀川,2842
2021-06,三条室町,三条新町,3044
2021-06,三条室町,三条烏丸,3116
2021-06,三条室町,二条室町,3101
2021-06,三条室町,四条室町,3104
2021-06,三条新町,三条堀川,2758
2021-06,三条新町,三条室町,2959
2021-06,三条新町,二条新町,2866
2021-06,三条新町,四条新町,2998
2021-06,三条烏丸,三条室町,3149
2021-06,三条烏丸,三条車屋,3260
2021-06,三条烏丸,二条烏丸,3208
2021-06,三条烏丸,四条烏丸,3215
2021-06,三条車屋,三条烏丸,3286
2021-06,三条車屋,二条車屋,2990
2021-06,三条車屋,四条車屋,3273
2021-06,二条堀川,一条堀川,2546
2021-06,二条堀川,三条堀川,2712
2021-06,二条堀川,二条新町,2798
2021-06,二条室町,一条室町,2791
2021-06,二条室町,三条室町,2950
2021-06,二条室町,二条新町,2825
2021-06,二条室町,二条烏丸,2967
2021-06,二条新町,一条新町,2621
2021-06,二条新町,三条新町,2803
2021-06,二条新町,二条堀川,2703
2021-06,二条新町,二条室町,2817
2021-06,二条烏丸,一条烏丸,2913
2021-06,二条烏丸,三条烏丸,3115
2021-06,二条烏丸,二条室町,3008
2021-06,二条烏丸,二条車屋,3129
2021-06,二条車屋,一条車屋,2940
2021-06,二条車屋,三条車屋,3007
2021-06,二条車屋,二条烏丸,3234
2021-06,五条堀川,五条新町,2855
2021-06,五条堀川,四条堀川,2935
2021-06,五条室町,五条新町,2946
2021-06,五条室町,五条烏丸,3104
2021-06,五条室町,四条室町,3264
2021-06,五条新町,五条堀川,2810
2021-06,五条新町,五条室町,3005
2021-06,五条新町,四条新町,3227
2021-06,五条烏丸,五条室町,3108
2021-06,五条烏丸,五条車屋,3302
2021-06,五条烏丸,四条烏丸,3563
2021-06,五条車屋,五条烏丸,3333
2021-06,五条車屋,四条車屋,3322
2021-06,四条堀川,三条堀川,2812
2021-06,四条堀川,五条堀川,3013
2021-06,四条堀川,四条新町,3013
2021-06,四条室町,三条室町,3152
2021-06,四条室町,五条室町,3432
2021-06,四条室町,四条新町,3072
2021-06,四条室町,四条烏丸,3184
2021-06,四条新町,三条新町,3031
2021-06,四条新町,五条新町,3200
2021-06,四条新町,四条堀川,2959
2021-06,四条新町,四条室町,3118
2021-06,四条烏丸,三条烏丸,3251
2021-06,四条烏丸,五条烏丸,3494
2021-06,四条烏丸,四条室町,3365
2021-06,四条烏丸,四条車屋,3476
2021-06,四条車屋,三条車屋,3140
2021-06,四条車屋,五条車屋,3356
2021-06,四条車屋,四条烏丸,3471
2021-07,一条堀川,一条新町,2693
2021-07,一条堀川,二条堀川,2706
2021-07,一条室町,一条新町,2845
2021-07,一条室町,一条烏丸,2979
2021-07,一条室町,二条室町,2967
2021-07,一条新町,一条堀川,2634
2021-07,一条新町,一条室町,2794
2021-07,一条新町,二条新町,2738
2021-07,一条烏丸,一条室町,2901
2021-07,一条烏丸,一条車屋,3109
2021-07,一条烏丸,二条烏丸,3128
2021-07,一条車屋,一条烏丸,3028
2021-07,一条車屋,二条車屋,2928
2021-07,三条堀川,三条新町,2933
2021-07,三条堀川,二条堀川,2754
2021-07,三条堀川,四条堀川,3012
2021-07,三条室町,三条新町,3134
2021-07,三条室町,三条烏丸,3248
2021-07,三条室町,二条室町,3140
2021-07,三条室町,四条室町,3195
2021-07,三条新町,三条堀川,2955
2021-07,三条新町,三条室町,3083
2021-07,三条新町,二条新町,2901
2021-07,三条新町,四条新町,3104
2021-07,三条烏丸,三条室町,3220
2021-07,三条烏丸,三条車屋,3384
2021-07,三条烏丸,二条烏丸,3161
2021-07,三条烏丸,四条烏丸,3286
2021-07,三条車屋,三条烏丸,3409
2021-07,三条車屋,二条車屋,3133
2021-07,三条車屋,四条車屋,3233
2021-07,二条堀川,一条堀川,2681
2021-07,二条堀川,三条堀川,2740
2021-07,二条堀川,二条新町,2763
2021-07,二条室町,一条室町,2970
2021-07,二条室町,三条室町,3046
2021-07,二条室町,二条新町,2911
2021-07,二条室町,二条烏丸,3237
2021-07,二条新町,一条新町,2790
2021-07,二条新町,三条新町,2882
2021-07,二条新町,二条堀川,2789
2021-07,二条新町,二条室町,3043
2021-07,二条烏丸,一条烏丸,3090
2021-07,二条烏丸,三条烏丸,3231
2021-07,二条烏丸,二条室町,3023
2021-07,二条烏丸,二条車屋,3306
2021-07,二条車屋,一条車屋,3043
2021-07,二条車屋,三条車屋,3169
2021-07,二条車屋,二条烏丸,3224
2021-07,五条堀川,五条新町,3032
2021-07,五条堀川,四条堀川,3132
2021-07,五条室町,五条新町,3131
2021-07,五条室町,五条烏丸,3217
2021-07,五条室町,四条室町,3404
2021-07,五条新町,五条堀川,2919
2021-07,五条新町,五条室町,3179
2021-07,五条新町,四条新町,3326
2021-07,五条烏丸,五条室町,3327
2021-07,五条烏丸,五条車屋,3379
2021-07,五条烏丸,四条烏丸,3530
2021-07,五条車屋,五条烏丸,3380
2021-07,五条車屋,四条車屋,3462
2021-07,四条堀川,三条堀川,2889
2021-07,四条堀川,五条堀川,3086
2021-07,四条堀川,四条新町,3122
2021-07,四条室町,三条室町,3134
2021-07,四条室町,五条室町,3411
2021-07,四条室町,四条新町,3241
2021-07,四条室町,四条烏丸,3357
2021-07,四条新町,三条新町,3102
2021-07,四条新町,五条新町,3300
2021-07,四条新町,四条堀川,3162
2021-07,四条新町,四条室町,3202
2021-07,四条烏丸,三条烏丸,3369
2021-07,四条烏丸,五条烏丸,3611
2021-07,四条烏丸,四条室町,3390
2021-07,四条烏丸,四条車屋,3645
2021-07,四条車屋,三条車屋,3217
2021-07,四条車屋,五条車屋,3368
2021-07,四条車屋,四条烏丸,3647
2021-08,一条堀川,一条新町,2588
2021-08,一条堀川,二条堀川,2582
2021-08,一条室町,一条新町,2771
2021-08,一条室町,一条烏丸,3019
2021-08,一条室町,二条室町,2921
2021-08,一条新町,一条堀川,2641
2021-08,一条新町,一条室町,2807
2021-08,一条新町,二条新町,2733
2021-08,一条烏丸,一条室町,2982
2021-08,一条烏丸,一条車屋,3090
2021-08,一条烏丸,二条烏丸,2999
2021-08,一条車屋,一条烏丸,3203
2021-08,一条車屋,二条車屋,2964
2021-08,三条堀川,三条新町,3030
2021-08,三条堀川,二条堀川,2888
2021-08,三条堀川,四条堀川,2898
2021-08,三条室町,三条新町,3060
2021-08,三条室町,三条烏丸,3328
2021-08,三条室町,二条室町,3110
2021-08,三条室町,四条室町,3318
2021-08,三条新町,三条堀川,2892
2021-08,三条新町,三条室町,3140
2021-08,三条新町,二条新町,2850
2021-08,三条新町,四条新町,3102
2021-08,三条烏丸,三条室町,3213
2021-08,三条烏丸,三条車屋,3407
2021-08,三条烏丸,二条烏丸,3227
2021-08,三条烏丸,四条烏丸,3390
2021-08,三条車屋,三条烏丸,3387
2021-08,三条車屋,二条車屋,3123
2021-08,三条車屋,四条車屋,3253
2021-08,二条堀川,一条堀川,2685
2021-08,二条堀川,三条堀川,2802
2021-08,二条堀川,二条新町,2863
2021-08,二条室町,一条室町,2895
2021-08,二条室町,三条室町,3054
2021-08,二条室町,二条新町,2959
2021-08,二条室町,二条烏丸,3168
2021-08,二条新町,一条新町,2779
2021-08,二条新町,三条新町,2946
2021-08,二条新町,二条堀川,2809
2021-08,二条新町,二条室町,2929
2021-08,二条烏丸,一条烏丸,3052
2021-08,二条烏丸,三条烏丸,3288
2021-08,二条烏丸,二条室町,3153
2021-08,二条烏丸,二条車屋,3297
2021-08,二条車屋,一条車屋,2849
2021-08,二条車屋,三条車屋,3134
2021-08,二条車屋,二条烏丸,3309
2021-08,五条堀川,五条新町,2955
2021-08,五条堀川,四条堀川,3070
2021-08,五条室町,五条新町,3114
2021-08,五条室町,五条烏丸,3275
2021-08,五条室町,四条室町,3387
2021-08,五条新町,五条堀川,3033
2021-08,五条新町,五条室町,3054
2021-08,五条新町,四条新町,3276
2021-08,五条烏丸,五条室町,3176
2021-08,五条烏丸,五条車屋,3399
2021-08,五条烏丸,四条烏丸,3547
2021-08,五条車屋,五条烏丸,3383
2021-08,五条車屋,四条車屋,3399
2021-08,四条堀川,三条堀川,2818
2021-08,四条堀川,五条堀川,3145
2021-08,四条堀川,四条新町,3137
2021-08,四条室町,三条室町,3154
2021-08,四条室町,五条室町,3407
2021-08,四条室町,四条新町,3190
2021-08,四条室町,四条烏丸,3440
2021-08,四条新町,三条新町,3093
2021-08,四条新町,五条新町,3256
2021-08,四条新町,四条堀川,3085
2021-08,四条新町,四条室町,3325
2021-08,四条烏丸,三条烏丸,3435
2021-08,四条烏丸,五条烏丸,3503
2021-08,四条烏丸,四条室町,3362
2021-08,四条烏丸,四条車屋,3535
2021-08,四条車屋,三条車屋,3242
2021-08,四条車屋,五条車屋,3436
2021-08,四条車屋,四条烏丸,3576
2021-09,一条堀川,一条新町,2499
2021-09,一条堀川,二条堀川,2576
2021-09,一条室町,一条新町,2706
2021-09,一条室町,一条烏丸,2793
2021-09,一条室町,二条室町,2756
2021-09,一条新町,一条堀川,2492
2021-09,一条新町,一条室町,2717
2021-09,一条新町,二条新町,2742
2021-09,一条烏丸,一条室町,2790
2021-09,一条烏丸,一条車屋,3057
2021-09,一条烏丸,二条烏丸,2994
2021-09,一条車屋,一条烏丸,2949
2021-09,一条車屋,二条車屋,2896
2021-09,三条堀川,三条新町,2887
2021-09,三条堀川,二条堀川,2756
2021-09,三条堀川,四条堀川,2861
2021-09,三条室町,三条新町,3011
2021-09,三条室町,三条烏丸,3077
2021-09,三条室町,二条室町,2920
2021-09,三条室町,四条室町,3174
2021-09,三条新町,三条堀川,2829
2021-09,三条新町,三条室町,3005
2021-09,三条新町,二条新町,2854
2021-09,三条新町,四条新町,3033
2021-09,三条烏丸,三条室町,3160
2021-09,三条烏丸,三条車屋,3300
2021-09,三条烏丸,二条烏丸,3071
2021-09,三条烏丸,四条烏丸,3217
2021-09,三条車屋,三条烏丸,3292
2021-09,三条車屋,二条車屋,2982
2021-09,三条車屋,四条車屋,3074
2021-09,二条堀川,一条堀川,2467
2021-09,二条堀川,三条堀川,2650
2021-09,二条堀川,二条新町,2633
2021-09,二条室町,一条室町,2858
2021-09,二条室町,三条室町,3029
2021-09,二条室町,二条新町,2886
2021-09,二条室町,二条烏丸,3072
2021-09,二条新町,一条新町,2691
2021-09,二条新町,三条新町,2946
2021-09,二条新町,二条堀川,2733
2021-09,二条新町,二条室町,2824
2021-09,二条烏丸,一条烏丸,3002
2021-09,二条烏丸,三条烏丸,3188
2021-09,二条烏丸,二条室町,2937
2021-09,二条烏丸,二条車屋,3184
2021-09,二条車屋,一条車屋,2812
2021-09,二条車屋,三条車屋,2977
2021-09,二条車屋,二条烏丸,3162
2021-09,五条堀川,五条新町,2881
2021-09,五条堀川,四条堀川,3023
2021-09,五条室町,五条新町,3053
2021-09,五条室町,五条烏丸,3113
2021-09,五条室町,四条室町,3256
2021-09,五条新町,五条堀川,2840
2021-09,五条新町,五条室町,2974
2021-09,五条新町,四条新町,3192
2021-09,五条烏丸,五条室町,3120
2021-09,五条烏丸,五条車屋,3315
2021-09,五条烏丸,四条烏丸,3444
2021-09,五条車屋,五条烏丸,3303
2021-09,五条車屋,四条車屋,3277
2021-09,四条堀川,三条堀川,2863
2021-09,四条堀川,五条堀川,2948
2021-09,四条堀川,四条新町,3074
2021-09,四条室町,三条室町,3141
2021-09,四条室町,五条室町,3346
2021-09,四条室町,四条新町,3151
2021-09,四条室町,四条烏丸,3308
2021-09,四条新町,三条新町,3036
2021-09,四条新町,五条新町,3134
2021-09,四条新町,四条堀川,2903
2021-09,四条新町,四条室町,3157
2021-09,四条烏丸,三条烏丸,3329
2021-09,四条烏丸,五条烏丸,3420
2021-09,四条烏丸,四条室町,3319
2021-09,四条烏丸,四条車屋,3465
2021-09,四条車屋,三条車屋,3061
2021-09,四条車屋,五条車屋,3354
2021-09,四条車屋,四条烏丸,3406
2021-10,一条堀川,一条新町,2622
2021-10,一条堀川,二条堀川,2666
2021-10,一条室町,一条新町,2783
2021-10,一条室町,一条烏丸,2915
2021-10,一条室町,二条室町,2922
2021-10,一条新町,一条堀川,2740
2021-10,一条新町,一条室町,2890
2021-10,一条新町,二条新町,2780
2021-10,一条烏丸,一条室町,2972
2021-10,一条烏丸,一条車屋,3067
2021-10,一条烏丸,二条烏丸,3040
2021-10,一条車屋,一条烏丸,3094
2021-10,一条車屋,二条車屋,2903
2021-10,三条堀川,三条新町,2858
2021-10,三条堀川,二条堀川,2771
2021-10,三条堀川,四条堀川,2854
2021-10,三条室町,三条新町,3004
2021-10,三条室町,三条烏丸,3311
2021-10,三条室町,二条室町,3146
2021-10,三条室町,四条室町,3278
2021-10,三条新町,三条堀川,2950
2021-10,三条新町,三条室町,3046
2021-10,三条新町,二条新町,2940
2021-10,三条新町,四条新町,3155
2021-10,三条烏丸,三条室町,3320
2021-10,三条烏丸,三条車屋,3404
2021-10,三条烏丸,二条烏丸,3248
2021-10,三条烏丸,四条烏丸,3485
2021-10,三条車屋,三条烏丸,3396
2021-10,三条車屋,二条車屋,3138
2021-10,三条車屋,四条車屋,3215
2021-10,二条堀川,一条堀川,2633
2021-10,二条堀川,三条堀川,2686
2021-10,二条堀川,二条新町,2801
2021-10,二条室町,一条室町,2988
2021-10,二条室町,三条室町,3152
2021-10,二条室町,二条新町,2957
2021-10,二条室町,二条烏丸,3023
2021-10,二条新町,一条新町,2769
2021-10,二条新町,三条新町,2933
2021-10,二条新町,二条堀川,2680
2021-10,二条新町,二条室町,2885
2021-10,二条烏丸,一条烏丸,3094
2021-10,二条烏丸,三条烏丸,3202
2021-10,二条烏丸,二条室町,3065
2021-10,二条烏丸,二条車屋,3308
2021-10,二条車屋,一条車屋,2882
2021-10,二条車屋,三条車屋,3023
2021-10,二条車屋,二条烏丸,3289
2021-10,五条堀川,五条新町,2976
2021-10,五条堀川,四条堀川,3059
2021-10,五条室町,五条新町,3117
2021-10,五条室町,五条烏丸,3353
2021-10,五条室町,四条室町,3357
2021-10,五条新町,五条堀川,3004
2021-10,五条新町,五条室町,3050
2021-10,五条新町,四条新町,3224
2021-10,五条烏丸,五条室町,3117
2021-10,五条烏丸,五条車屋,3394
2021-10,五条烏丸,四条烏丸,3634
2021-10,五条車屋,五条烏丸,3426
2021-10,五条車屋,四条車屋,3453
2021-10,四条堀川,三条堀川,2870
2021-10,四条堀川,五条堀川,3070
2021-10,四条堀川,四条新町,3087
2021-10,四条室町,三条室町,3254
2021-10,四条室町,五条室町,3430
2021-10,四条室町,四条新町,3267
2021-10,四条室町,四条烏丸,3401
2021-10,四条新町,三条新町,3136
2021-10,四条新町,五条新町,3298
2021-10,四条新町,四条堀川,3106
2021-10,四条新町,四条室町,3353
2021-10,四条烏丸,三条烏丸,3364
2021-10,四条烏丸,五条烏丸,3617
2021-10,四条烏丸,四条室町,3370
2021-10,四条烏丸,四条車屋,3459
2021-10,四条車屋,三条車屋,3254
2021-10,四条車屋,五条車屋,3357
2021-10,四条車屋,四条烏丸,3620
2021-11,一条堀川,一条新町,2640
2021-11,一条堀川,二条堀川,2519
2021-11,一条室町,一条新町,2642
2021-11,一条室町,一条烏丸,2800
2021-11,一条室町,二条室町,2868
2021-11,一条新町,一条堀川,2449
2021-11,一条新町,一条室町,2732
2021-11,一条新町,二条新町,2674
2021-11,一条烏丸,一条室町,2872
2021-11,一条烏丸,一条車屋,3000
2021-11,一条烏丸,二条烏丸,2966
2021-11,一条車屋,一条烏丸,3003
2021-11,一条車屋,二条車屋,2837
2021-11,三条堀川,三条新町,2861
2021-11,三条堀川,二条堀川,2652
2021-11,三条堀川,四条堀川,2871
2021-11,三条室町,三条新町,2954
2021-11,三条室町,三条烏丸,3161
2021-11,三条室町,二条室町,3008
2021-11,三条室町,四条室町,3133
2021-11,三条新町,三条堀川,2821
2021-11,三条新町,三条室町,3024
2021-11,三条新町,二条新町,2772
2021-11,三条新町,四条新町,2909
2021-11,三条烏丸,三条室町,3145
2021-11,三条烏丸,三条車屋,3246
2021-11,三条烏丸,二条烏丸,3131
2021-11,三条烏丸,四条烏丸,3308
2021-11,三条車屋,三条烏丸,3209
2021-11,三条車屋,二条車屋,3033
2021-11,三条車屋,四条車屋,3191
2021-11,二条堀川,一条堀川,2548
2021-11,二条堀川,三条堀川,2708
2021-11,二条堀川,二条新町,2707
2021-11,二条室町,一条室町,2842
2021-11,二条室町,三条室町,3034
2021-11,二条室町,二条新町,2774
2021-11,二条室町,二条烏丸,3052
2021-11,二条新町,一条新町,2661
2021-11,二条新町,三条新町,2815
2021-11,二条新町,二条堀川,2652
2021-11,二条新町,二条室町,2894
2021-11,二条烏丸,一条烏丸,2976
2021-11,二条烏丸,三条烏丸,3117
2021-11,二条烏丸,二条室町,3045
2021-11,二条烏丸,二条車屋,3084
2021-11,二条車屋,一条車屋,2833
2021-11,二条車屋,三条車屋,2977
2021-11,二条車屋,二条烏丸,3120
2021-11,五条堀川,五条新町,2798
2021-11,五条堀川,四条堀川,2950
2021-11,五条室町,五条新町,2975
2021-11,五条室町,五条烏丸,3154
2021-11,五条室町,四条室町,3329
2021-11,五条新町,五条堀川,2932
2021-11,五条新町,五条室町,2962
2021-11,五条新町,四条新町,3125
2021-11,五条烏丸,五条室町,3096
2021-11,五条烏丸,五条車屋,3333
2021-11,五条烏丸,四条烏丸,3356
2021-11,五条車屋,五条烏丸,3328
2021-11,五条車屋,四条車屋,3382
2021-11,四条堀川,三条堀川,2931
2021-11,四条堀川,五条堀川,3095
2021-11,四条堀川,四条新町,3143
2021-11,四条室町,三条室町,3112
2021-11,四条室町,五条室町,3394
2021-11,四条室町,四条新町,3133
2021-11,四条室町,四条烏丸,3306
2021-11,四条新町,三条新町,2939
2021-11,四条新町,五条新町,3203
2021-11,四条新町,四条堀川,2990
2021-11,四条新町,四条室町,3122
2021-11,四条烏丸,三条烏丸,3421
2021-11,四条烏丸,五条烏丸,3373
2021-11,四条烏丸,四条室町,3261
2021-11,四条烏丸,四条車屋,3444
2021-11,四条車屋,三条車屋,3122
2021-11,四条車屋,五条車屋,3242
2021-11,四条車屋,四条烏丸,3459
2021-12,一条堀川,一条新町,2601
2021-12,一条堀川,二条堀川,2639
2021-12,一条室町,一条新町,2757
2021-12,一条室町,一条烏丸,2923
2021-12,一条室町,二条室町,2954
2021-12,一条新町,一条堀川,2635
2021-12,一条新町,一条室町,2766
2021-12,一条新町,二条新町,2788
2021-12,一条烏丸,一条室町,2980
2021-12,一条烏丸,一条車屋,3117
2021-12,一条烏丸,二条烏丸,3084
2021-12,一条車屋,一条烏丸,3095
2021-12,一条車屋,二条車屋,2924
2021-12,三条堀川,三条新町,2879
2021-12,三条堀川,二条堀川,2797
2021-12,三条堀川,四条堀川,2947
2021-12,三条室町,三条新町,3146
2021-12,三条室町,三条烏丸,3217
2021-12,三条室町,二条室町,3149
2021-12,三条室町,四条室町,3189
2021-12,三条新町,三条堀川,2943
2021-12,三条新町,三条室町,3093
2021-12,三条新町,二条新町,2894
2021-12,三条新町,四条新町,3122
2021-12,三条烏丸,三条室町,3190
2021-12,三条烏丸,三条車屋,3333
2021-12,三条烏丸,二条烏丸,3291
2021-12,三条烏丸,四条烏丸,3386
2021-12,三条車屋,三条烏丸,3435
2021-12,三条車屋,二条車屋,3074
2021-12,三条車屋,四条車屋,3227
2021-12,二条堀川,一条堀川,2667
2021-12,二条堀川,三条堀川,2712
2021-12,二条堀川,二条新町,2819
2021-12,二条室町,一条室町,2973
2021-12,二条室町,三条室町,3159
2021-12,二条室町,二条新町,2974
2021-12,二条室町,二条烏丸,3027
2021-12,二条新町,一条新町,2789
2021-12,二条新町,三条新町,2932
2021-12,二条新町,二条堀川,2829
2021-12,二条新町,二条室町,2928
2021-12,二条烏丸,一条烏丸,3075
2021-12,二条烏丸,三条烏丸,3259
2021-12,二条烏丸,二条室町,3097
2021-12,二条烏丸,二条車屋,3285
2021-12,二条車屋,一条車屋,2943
2021-12,二条車屋,三条車屋,3114
2021-12,二条車屋,二条烏丸,3308
2021-12,五条堀川,五条新町,2963
2021-12,五条堀川,四条堀川,3151
2021-12,五条室町,五条新町,3187
2021-12,五条室町,五条烏丸,3296
2021-12,五条室町,四条室町,3441
2021-12,五条新町,五条堀川,2982
2021-12,五条新町,五条室町,3167
2021-12,五条新町,四条新町,3222
2021-12,五条烏丸,五条室町,3325
2021-12,五条烏丸,五条車屋,3485
2021-12,五条烏丸,四条烏丸,3602
2021-12,五条車屋,五条烏丸,3498
2021-12,五条車屋,四条車屋,3444
2021-12,四条堀川,三条堀川,2898
2021-12,四条堀川,五条堀川,3154
2021-12,四条堀川,四条新町,3036
2021-12,四条室町,三条室町,3249
2021-12,四条室町,五条室町,3481
2021-12,四条室町,四条新町,3318
2021-12,四条室町,四条烏丸,3455
2021-12,四条新町,三条新町,3084
2021-12,四条新町,五条新町,3207
2021-12,四条新町,四条堀川,3065
2021-12,四条新町,四条室町,3268
2021-12,四条烏丸,三条烏丸,3412
2021-12,四条烏丸,五条烏丸,3530
2021-12,四条烏丸,四条室町,3383
2021-12,四条烏丸,四条車屋,3514
2021-12,四条車屋,三条車屋,3297
2021-12,四条車屋,五条車屋,3400
2021-12,四条車屋,四条烏丸,3578
2022-01,一条堀川,一条新町,2684
2022-01,一条堀川,二条堀川,2671
2022-01,一条室町,一条新町,2750
2022-01,一条室町,一条烏丸,2990
2022-01,一条室町,二条室町,2977
2022-01,一条新町,一条堀川,2613
2022-01,一条新町,一条室町,2771
2022-01,一条新町,二条新町,2727
2022-01,一条烏丸,一条室町,2950
2022-01,一条烏丸,一条車屋,3088
2022-01,一条烏丸,二条烏丸,3080
2022-01,一条車屋,一条烏丸,3083
2022-01,一条車屋,二条車屋,2833
2022-01,三条堀川,三条新町,3084
2022-01,三条堀川,二条堀川,2743
2022-01,三条堀川,四条堀川,2991
2022-01,三条室町,三条新町,3075
2022-01,三条室町,三条烏丸,3292
2022-01,三条室町,二条室町,3016
2022-01,三条室町,四条室町,3340
2022-01,三条新町,三条堀川,2921
2022-01,三条新町,三条室町,3140
2022-01,三条新町,二条新町,2952
2022-01,三条新町,四条新町,3112
2022-01,三条烏丸,三条室町,3187
2022-01,三条烏丸,三条車屋,3428
2022-01,三条烏丸,二条烏丸,3189
2022-01,三条烏丸,四条烏丸,3332
2022-01,三条車屋,三条烏丸,3503
2022-01,三条車屋,二条車屋,3113
2022-01,三条車屋,四条車屋,3260
2022-01,二条堀川,一条堀川,2567
2022-01,二条堀川,三条堀川,2742
2022-01,二条堀川,二条新町,2817
2022-01,二条室町,一条室町,2929
2022-01,二条室町,三条室町,3098
2022-01,二条室町,二条新町,3029
2022-01,二条室町,二条烏丸,3122
2022-01,二条新町,一条新町,2712
2022-01,二条新町,三条新町,2973
2022-01,二条新町,二条堀川,2766
2022-01,二条新町,二条室町,2954
2022-01,二条烏丸,一条烏丸,3170
2022-01,二条烏丸,三条烏丸,3320
2022-01,二条烏丸,二条室町,3046
2022-01,二条烏丸,二条車屋,3234
2022-01,二条車屋,一条車屋,2953
2022-01,二条車屋,三条車屋,3154
2022-01,二条車屋,二条烏丸,3254
2022-01,五条堀川,五条新町,3018
2022-01,五条堀川,四条堀川,3065
2022-01,五条室町,五条新町,3120
2022-01,五条室町,五条烏丸,3320
2022-01,五条室町,四条室町,3450
2022-01,五条新町,五条堀川,2942
2022-01,五条新町,五条室町,3024
2022-01,五条新町,四条新町,3302
2022-01,五条烏丸,五条室町,3271
2022-01,五条烏丸,五条車屋,3488
2022-01,五条烏丸,四条烏丸,3597
2022-01,五条車屋,五条烏丸,3434
2022-01,五条車屋,四条車屋,3445
2022-01,四条堀川,三条堀川,2984
2022-01,四条堀川,五条堀川,3110
2022-01,四条堀川,四条新町,3066
2022-01,四条室町,三条室町,3296
2022-01,四条室町,五条室町,3333
2022-01,四条室町,四条新町,3222
2022-01,四条室町,四条烏丸,3441
2022-01,四条新町,三条新町,3128
2022-01,四条新町,五条新町,3220
2022-01,四条新町,四条堀川,3132
2022-01,四条新町,四条室町,3126
2022-01,四条烏丸,三条烏丸,3451
2022-01,四条烏丸,五条烏丸,3573
2022-01,四条烏丸,四条室町,3399
2022-01,四条烏丸,四条車屋,3509
2022-01,四条車屋,三条車屋,3232
2022-01,四条車屋,五条車屋,3420
2022-01,四条車屋,四条烏丸,3591
2022-02,一条堀川,一条新町,2478
2022-02,一条堀川,二条堀川,2355
2022-02,一条室町,一条新町,2535
2022-02,一条室町,一条烏丸,2700
2022-02,一条室町,二条室町,2648
2022-02,一条新町,一条堀川,2524
2022-02,一条新町,一条室町,2520
2022-02,一条新町,二条新町,2496
2022-02,一条烏丸,一条室町,2596
2022-02,一条烏丸,一条車屋,2782
2022-02,一条烏丸,二条烏丸,2808
2022-02,一条車屋,一条烏丸,2798
2022-02,一条車屋,二条車屋,2630
2022-02,三条堀川,三条新町,2643
2022-02,三条堀川,二条堀川,2423
2022-02,三条堀川,四条堀川,2666
2022-02,三条室町,三条新町,2743
2022-02,三条室町,三条烏丸,2909
2022-02,三条室町,二条室町,2894
2022-02,三条室町,四条室町,2882
2022-02,三条新町,三条堀川,2623
2022-02,三条新町,三条室町,2705
2022-02,三条新町,二条新町,2790
2022-02,三条新町,四条新町,2707
2022-02,三条烏丸,三条室町,2914
2022-02,三条烏丸,三条車屋,3010
2022-02,三条烏丸,二条烏丸,2974
2022-02,三条烏丸,四条烏丸,3034
2022-02,三条車屋,三条烏丸,3095
2022-02,三条車屋,二条車屋,2819
2022-02,三条車屋,四条車屋,2909
2022-02,二条堀川,一条堀川,2356
2022-02,二条堀川,三条堀川,2518
2022-02,二条堀川,二条新町,2558
2022-02,二条室町,一条室町,2624
2022-02,二条室町,三条室町,2861
2022-02,二条室町,二条新町,2561
2022-02,二条室町,二条烏丸,2857
2022-02,二条新町,一条新町,2486
2022-02,二条新町,三条新町,2685
2022-02,二条新町,二条堀川,2591
2022-02,二条新町,二条室町,2691
2022-02,二条烏丸,一条烏丸,2812
2022-02,二条烏丸,三条烏丸,2963
2022-02,二条烏丸,二条室町,2855
2022-02,二条烏丸,二条車屋,2974
2022-02,二条車屋,一条車屋,2639
2022-02,二条車屋,三条車屋,2771
2022-02,二条車屋,二条烏丸,2950
2022-02,五条堀川,五条新町,2645
2022-02,五条堀川,四条堀川,2783
2022-02,五条室町,五条新町,2793
2022-02,五条室町,五条烏丸,2891
2022-02,五条室町,四条室町,3071
2022-02,五条新町,五条堀川,2579
2022-02,五条新町,五条室町,2864
2022-02,五条新町,四条新町,2953
2022-02,五条烏丸,五条室町,2816
2022-02,五条烏丸,五条車屋,3087
2022-02,五条烏丸,四条烏丸,3211
2022-02,五条車屋,五条烏丸,3049
2022-02,五条車屋,四条車屋,3084
2022-02,四条堀川,三条堀川,2671
2022-02,四条堀川,五条堀川,2731
2022-02,四条堀川,四条新町,2764
2022-02,四条室町,三条室町,2927
2022-02,四条室町,五条室町,3079
2022-02,四条室町,四条新町,2924
2022-02,四条室町,四条烏丸,3049
2022-02,四条新町,三条新町,2875
2022-02,四条新町,五条新町,2980
2022-02,四条新町,四条堀川,2862
2022-02,四条新町,四条室町,2887
2022-02,四条烏丸,三条烏丸,3087
2022-02,四条烏丸,五条烏丸,3260
2022-02,四条烏丸,四条室町,3045
2022-02,四条烏丸,四条車屋,3186
2022-02,四条車屋,三条車屋,2962
2022-02,四条車屋,五条車屋,3140
2022-02,四条車屋,四条烏丸,3167
2022-03,一条堀川,一条新町,2635
2022-03,一条堀川,二条堀川,2667
2022-03,一条室町,一条新町,2823
2022-03,一条室町,一条烏丸,3034
2022-03,一条室町,二条室町,2966
2022-03,一条新町,一条堀川,2663
2022-03,一条新町,一条室町,2801
2022-03,一条新町,二条新町,2885
2022-03,一条烏丸,一条室町,2892
2022-03,一条烏丸,一条車屋,3115
2022-03,一条烏丸,二条烏丸,3058
2022-03,一条車屋,一条烏丸,3120
2022-03,一条車屋,二条車屋,2953
2022-03,三条堀川,三条新町,2930
2022-03,三条堀川,二条堀川,2692
2022-03,三条堀川,四条堀川,2977
2022-03,三条室町,三条新町,3146
2022-03,三条室町,三条烏丸,3224
2022-03,三条室町,二条室町,3075
2022-03,三条室町,四条室町,3246
2022-03,三条新町,三条堀川,2893
2022-03,三条新町,三条室町,3091
2022-03,三条新町,二条新町,2898
2022-03,三条新町,四条新町,3063
2022-03,三条烏丸,三条室町,3255
2022-03,三条烏丸,三条車屋,3448
2022-03,三条烏丸,二条烏丸,3213
2022-03,三条烏丸,四条烏丸,3384
2022-03,三条車屋,三条烏丸,3419
2022-03,三条車屋,二条車屋,3180
2022-03,三条車屋,四条車屋,3251
2022-03,二条堀川,一条堀川,2567
2022-03,二条堀川,三条堀川,2832
2022-03,二条堀川,二条新町,2685
2022-03,二条室町,一条室町,2873
2022-03,二条室町,三条室町,3082
2022-03,二条室町,二条新町,2839
2022-03,二条室町,二条烏丸,3119
2022-03,二条新町,一条新町,2758
2022-03,二条新町,三条新町,3079
2022-03,二条新町,二条堀川,2748
2022-03,二条新町,二条室町,2970
2022-03,二条烏丸,一条烏丸,3227
2022-03,二条烏丸,三条烏丸,3252
2022-03,二条烏丸,二条室町,3059
2022-03,二条烏丸,二条車屋,3298
2022-03,二条車屋,一条車屋,2926
2022-03,二条車屋,三条車屋,3116
2022-03,二条車屋,二条烏丸,3231
2022-03,五条堀川,五条新町,2918
2022-03,五条堀川,四条堀川,3079
2022-03,五条室町,五条新町,3098
2022-03,五条室町,五条烏丸,3262
2022-03,五条室町,四条室町,3496
2022-03,五条新町,五条堀川,3025
2022-03,五条新町,五条室町,3155
2022-03,五条新町,四条新町,3238
2022-03,五条烏丸,五条室町,3194
2022-03,五条烏丸,五条車屋,3435
2022-03,五条烏丸,四条烏丸,3600
2022-03,五条車屋,五条烏丸,3462
2022-03,五条車屋,四条車屋,3491
2022-03,四条堀川,三条堀川,2852
2022-03,四条堀川,五条堀川,3212
2022-03,四条堀川,四条新町,3135
2022-03,四条室町,三条室町,3290
2022-03,四条室町,五条室町,3384
2022-03,四条室町,四条新町,3287
2022-03,四条室町,四条烏丸,3470
2022-03,四条新町,三条新町,3069
2022-03,四条新町,五条新町,3154
2022-03,四条新町,四条堀川,3116
2022-03,四条新町,四条室町,3264
2022-03,四条烏丸,三条烏丸,3373
2022-03,四条烏丸,五条烏丸,3514
2022-03,四条烏丸,四条室町,3308
2022-03,四条烏丸,四条車屋,3544
2022-03,四条車屋,三条車屋,3261
2022-03,四条車屋,五条車屋,3399
2022-03,四条車屋,四条烏丸,3632
2022-04,一条堀川,一条新町,2561
2022-04,一条堀川,二条堀川,2649
2022-04,一条室町,一条新町,2660
2022-04,一条室町,一条烏丸,2837
2022-04,一条室町,二条室町,2882
2022-04,一条新町,一条堀川,2513
2022-04,一条新町,一条室町,2703
2022-04,一条新町,二条新町,2716
2022-04,一条烏丸,一条室町,2985
2022-04,一条烏丸,一条車屋,2983
2022-04,一条烏丸,二条烏丸,2979
2022-04,一条車屋,一条烏丸,2955
2022-04,一条車屋,二条車屋,2852
2022-04,三条堀川,三条新町,2875
2022-04,三条堀川,二条堀川,2570
2022-04,三条堀川,四条堀川,2823
2022-04,三条室町,三条新町,2900
2022-04,三条室町,三条烏丸,3200
2022-04,三条室町,二条室町,2961
2022-04,三条室町,四条室町,3140
2022-04,三条新町,三条堀川,2850
2022-04,三条新町,三条室町,3013
2022-04,三条新町,二条新町,2886
2022-04,三条新町,四条新町,2964
2022-04,三条烏丸,三条室町,3146
2022-04,三条烏丸,三条車屋,3382
2022-04,三条烏丸,二条烏丸,3213
2022-04,三条烏丸,四条烏丸,3373
2022-04,三条車屋,三条烏丸,3192
2022-04,三条車屋,二条車屋,2961
2022-04,三条車屋,四条車屋,3191
2022-04,二条堀川,一条堀川,2689
2022-04,二条堀川,三条堀川,2727
2022-04,二条堀川,二条新町,2720
2022-04,二条室町,一条室町,2856
2022-04,二条室町,三条室町,3055
2022-04,二条室町,二条新町,2870
2022-04,二条室町,二条烏丸,3013
2022-04,二条新町,一条新町,2658
2022-04,二条新町,三条新町,2764
2022-04,二条新町,二条堀川,2767
2022-04,二条新町,二条室町,2896
2022-04,二条烏丸,一条烏丸,2970
2022-04,二条烏丸,三条烏丸,3227
2022-04,二条烏丸,二条室町,2914
2022-04,二条烏丸,二条車屋,3109
2022-04,二条車屋,一条車屋,2882
2022-04,二条車屋,三条車屋,2868
2022-04,二条車屋,二条烏丸,3099
2022-04,五条堀川,五条新町,2868
2022-04,五条堀川,四条堀川,3024
2022-04,五条室町,五条新町,3022
2022-04,五条室町,五条烏丸,3207
2022-04,五条室町,四条室町,3392
2022-04,五条新町,五条堀川,2772
2022-04,五条新町,五条室町,2959
2022-04,五条新町,四条新町,3166
2022-04,五条烏丸,五条室町,3209
2022-04,五条烏丸,五条車屋,3313
2022-04,五条烏丸,四条烏丸,3434
2022-04,五条車屋,五条烏丸,3290
2022-04,五条車屋,四条車屋,3273
2022-04,四条堀川,三条堀川,2856
2022-04,四条堀川,五条堀川,3091
2022-04,四条堀川,四条新町,3041
2022-04,四条室町,三条室町,3147
2022-04,四条室町,五条室町,3247
2022-04,四条室町,四条新町,3189
2022-04,四条室町,四条烏丸,3374
2022-04,四条新町,三条新町,3051
2022-04,四条新町,五条新町,3153
2022-04,四条新町,四条堀川,2886
2022-04,四条新町,四条室町,3244
2022-04,四条烏丸,三条烏丸,3286
2022-04,四条烏丸,五条烏丸,3379
2022-04,四条烏丸,四条室町,3296
2022-04,四条烏丸,四条車屋,3494
2022-04,四条車屋,三条車屋,3051
2022-04,四条車屋,五条車屋,3260
2022-04,四条車屋,四条烏丸,3434
2022-05,一条堀川,一条新町,2694
2022-05,一条堀川,二条堀川,2576
2022-05,一条室町,一条新町,2830
2022-05,一条室町,一条烏丸,2954
2022-05,一条室町,二条室町,2994
2022-05,一条新町,一条堀川,2593
2022-05,一条新町,一条室町,2857
2022-05,一条新町,二条新町,2813
2022-05,一条烏丸,一条室町,2949
2022-05,一条烏丸,一条車屋,3032
2022-05,一条烏丸,二条烏丸,3209
2022-05,一条車屋,一条烏丸,3095
2022-05,一条車屋,二条車屋,3025
2022-05,三条堀川,三条新町,2961
2022-05,三条堀川,二条堀川,2859
2022-05,三条堀川,四条堀川,2939
2022-05,三条室町,三条新町,3133
2022-05,三条室町,三条烏丸,3243
2022-05,三条室町,二条室町,3141
2022-05,三条室町,四条室町,3288
2022-05,三条新町,三条堀川,2952
2022-05,三条新町,三条室町,3119
2022-05,三条新町,二条新町,2884
2022-05,三条新町,四条新町,3046
2022-05,三条烏丸,三条室町,3341
2022-05,三条烏丸,三条車屋,3395
2022-05,三条烏丸,二条烏丸,3327
2022-05,三条烏丸,四条烏丸,3344
2022-05,三条車屋,三条烏丸,3380
2022-05,三条車屋,二条車屋,3201
2022-05,三条車屋,四条車屋,3272
2022-05,二条堀川,一条堀川,2736
2022-05,二条堀川,三条堀川,2829
2022-05,二条堀川,二条新町,2773
2022-05,二条室町,一条室町,3009
2022-05,二条室町,三条室町,3127
2022-05,二条室町,二条新町,2955
2022-05,二条室町,二条烏丸,3138
2022-05,二条新町,一条新町,2836
2022-05,二条新町,三条新町,2967
2022-05,二条新町,二条堀川,2850
2022-05,二条新町,二条室町,2981
2022-05,二条烏丸,一条烏丸,3143
2022-05,二条烏丸,三条烏丸,3252
2022-05,二条烏丸,二条室町,3088
2022-05,二条烏丸,二条車屋,3332
2022-05,二条車屋,一条車屋,2985
2022-05,二条車屋,三条車屋,3079
2022-05,二条車屋,二条烏丸,3159
2022-05,五条堀川,五条新町,2903
2022-05,五条堀川,四条堀川,2999
2022-05,五条室町,五条新町,3128
2022-05,五条室町,五条烏丸,3293
2022-05,五条室町,四条室町,3422
2022-05,五条新町,五条堀川,2966
2022-05,五条新町,五条室町,3069
2022-05,五条新町,四条新町,3205
2022-05,五条烏丸,五条室町,3201
2022-05,五条烏丸,五条車屋,3369
2022-05,五条烏丸,四条烏丸,3651
2022-05,五条車屋,五条烏丸,3525
2022-05,五条車屋,四条車屋,3500
2022-05,四条堀川,三条堀川,2955
2022-05,四条堀川,五条堀川,3153
2022-05,四条堀川,四条新町,3139
2022-05,四条室町,三条室町,3268
2022-05,四条室町,五条室町,3396
2022-05,四条室町,四条新町,3334
2022-05,四条室町,四条烏丸,3433
2022-05,四条新町,三条新町,3114
2022-05,四条新町,五条新町,3258
2022-05,四条新町,四条堀川,3156
2022-05,四条新町,四条室町,3247
2022-05,四条烏丸,三条烏丸,3417
2022-05,四条烏丸,五条烏丸,3476
2022-05,四条烏丸,四条室町,3410
2022-05,四条烏丸,四条車屋,3557
2022-05,四条車屋,三条車屋,3201
2022-05,四条車屋,五条車屋,3359
2022-05,四条車屋,四条烏丸,3532
2022-06,一条堀川,一条新町,2565
2022-06,一条堀川,二条堀川,2551
2022-06,一条室町,一条新町,2690
2022-06,一条室町,一条烏丸,2816
2022-06,一条室町,二条室町,2820
2022-06,一条新町,一条堀川,2476
2022-06,一条新町,一条室町,2792
2022-06,一条新町,二条新町,2726
2022-06,一条烏丸,一条室町,2867
2022-06,一条烏丸,一条車屋,3039
2022-06,一条烏丸,二条烏丸,3009
2022-06,一条車屋,一条烏丸,2956
2022-06,一条車屋,二条車屋,2879
2022-06,三条堀川,三条新町,2890
2022-06,三条堀川,二条堀川,2707
2022-06,三条堀川,四条堀川,2931
2022-06,三条室町,三条新町,3014
2022-06,三条室町,三条烏丸,3135
2022-06,三条室町,二条室町,3024
2022-06,三条室町,四条室町,3164
2022-06,三条新町,三条堀川,2938
2022-06,三条新町,三条室町,3038
2022-06,三条新町,二条新町,2860
2022-06,三条新町,四条新町,2995
2022-06,三条烏丸,三条室町,3140
2022-06,三条烏丸,三条車屋,3290
2022-06,三条烏丸,二条烏丸,3132
2022-06,三条烏丸,四条烏丸,3243
2022-06,三条車屋,三条烏丸,3212
2022-06,三条車屋,二条車屋,3009
2022-06,三条車屋,四条車屋,3164
2022-06,二条堀川,一条堀川,2500
2022-06,二条堀川,三条堀川,2729
2022-06,二条堀川,二条新町,2668
2022-06,二条室町,一条室町,2816
2022-06,二条室町,三条室町,3034
2022-06,二条室町,二条新町,2815
2022-06,二条室町,二条烏丸,3057
2022-06,二条新町,一条新町,2693
2022-06,二条新町,三条新町,2882
2022-06,二条新町,二条堀川,2679
2022-06,二条新町,二条室町,2856
2022-06,二条烏丸,一条烏丸,2997
2022-06,二条烏丸,三条烏丸,3077
2022-06,二条烏丸,二条室町,2973
2022-06,二条烏丸,二条車屋,3149
2022-06,二条車屋,一条車屋,2847
2022-06,二条車屋,三条車屋,3044
2022-06,二条車屋,二条烏丸,3190
2022-06,五条堀川,五条新町,2814
2022-06,五条堀川,四条堀川,2940
2022-06,五条室町,五条新町,3076
2022-06,五条室町,五条烏丸,3185
2022-06,五条室町,四条室町,3280
2022-06,五条新町,五条堀川,2873
2022-06,五条新町,五条室町,2912
2022-06,五条新町,四条新町,3182
2022-06,五条烏丸,五条室町,3162
2022-06,五条烏丸,五条車屋,3437
2022-06,五条烏丸,四条烏丸,3491
2022-06,五条車屋,五条烏丸,3284
2022-06,五条車屋,四条車屋,3283
2022-06,四条堀川,三条堀川,2883
2022-06,四条堀川,五条堀川,3008
2022-06,四条堀川,四条新町,3001
2022-06,四条室町,三条室町,3043
2022-06,四条室町,五条室町,3298
2022-06,四条室町,四条新町,3185
2022-06,四条室町,四条烏丸,3386
2022-06,四条新町,三条新町,3014
2022-06,四条新町,五条新町,3146
2022-06,四条新町,四条堀川,3027
2022-06,四条新町,四条室町,3197
2022-06,四条烏丸,三条烏丸,3366
2022-06,四条烏丸,五条烏丸,3410
2022-06,四条烏丸,四条室町,3359
2022-06,四条烏丸,四条車屋,3360
2022-06,四条車屋,三条車屋,3147
2022-06,四条車屋,五条車屋,3206
2022-06,四条車屋,四条烏丸,3356
2022-07,一条堀川,一条新町,2757
2022-07,一条堀川,二条堀川,2656
2022-07,一条室町,一条新町,2781
2022-07,一条室町,一条烏丸,2901
2022-07,一条室町,二条室町,2879
2022-07,一条新町,一条堀川,2573
2022-07,一条新町,一条室町,2783
2022-07,一条新町,二条新町,2751
2022-07,一条烏丸,一条室町,2923
2022-07,一条烏丸,一条車屋,3026
2022-07,一条烏丸,二条烏丸,3099
2022-07,一条車屋,一条烏丸,3157
2022-07,一条車屋,二条車屋,2953
2022-07,三条堀川,三条新町,2947
2022-07,三条堀川,二条堀川,2727
2022-07,三条堀川,四条堀川,2947
2022-07,三条室町,三条新町,3140
2022-07,三条室町,三条烏丸,3259
2022-07,三条室町,二条室町,3175
2022-07,三条室町,四条室町,3217
2022-07,三条新町,三条堀川,2971
2022-07,三条新町,三条室町,3144
2022-07,三条新町,二条新町,2954
2022-07,三条新町,四条新町,2989
2022-07,三条烏丸,三条室町,3280
2022-07,三条烏丸,三条車屋,3454
2022-07,三条烏丸,二条烏丸,3236
2022-07,三条烏丸,四条烏丸,3461
2022-07,三条車屋,三条烏丸,3482
2022-07,三条車屋,二条車屋,3020
2022-07,三条車屋,四条車屋,3316
2022-07,二条堀川,一条堀川,2624
2022-07,二条堀川,三条堀川,2801
2022-07,二条堀川,二条新町,2832
2022-07,二条室町,一条室町,2998
2022-07,二条室町,三条室町,3111
2022-07,二条室町,二条新町,3020
2022-07,二条室町,二条烏丸,3014
2022-07,二条新町,一条新町,2707
2022-07,二条新町,三条新町,2975
2022-07,二条新町,二条堀川,2894
2022-07,二条新町,二条室町,2944
2022-07,二条烏丸,一条烏丸,3061
2022-07,二条烏丸,三条烏丸,3293
2022-07,二条烏丸,二条室町,3174
2022-07,二条烏丸,二条車屋,3320
2022-07,二条車屋,一条車屋,3006
2022-07,二条車屋,三条車屋,3100
2022-07,二条車屋,二条烏丸,3227
2022-07,五条堀川,五条新町,2933
2022-07,五条堀川,四条堀川,3168
2022-07,五条室町,五条新町,3155
2022-07,五条室町,五条烏丸,3251
2022-07,五条室町,四条室町,3364
2022-07,五条新町,五条堀川,2918
2022-07,五条新町,五条室町,3117
2022-07,五条新町,四条新町,3342
2022-07,五条烏丸,五条室町,3234
2022-07,五条烏丸,五条車屋,3439
2022-07,五条烏丸,四条烏丸,3474
2022-07,五条車屋,五条烏丸,3441
2022-07,五条車屋,四条車屋,3396
2022-07,四条堀川,三条堀川,2914
2022-07,四条堀川,五条堀川,3019
2022-07,四条堀川,四条新町,3080
2022-07,四条室町,三条室町,3337
2022-07,四条室町,五条室町,3422
2022-07,四条室町,四条新町,3274
2022-07,四条室町,四条烏丸,3419
2022-07,四条新町,三条新町,3119
2022-07,四条新町,五条新町,3236
2022-07,四条新町,四条堀川,3124
2022-07,四条新町,四条室町,3282
2022-07,四条烏丸,三条烏丸,3385
2022-07,四条烏丸,五条烏丸,3542
2022-07,四条烏丸,四条室町,3465
2022-07,四条烏丸,四条車屋,3546
2022-07,四条車屋,三条車屋,3284
2022-07,四条車屋,五条車屋,3392
2022-07,四条車屋,四条烏丸,3569
2022-08,一条堀川,一条新町,2675
2022-08,一条堀川,二条堀川,2675
2022-08,一条室町,一条新町,2745
2022-08,一条室町,一条烏丸,2926
2022-08,一条室町,二条室町,2929
2022-08,一条新町,一条堀川,2613
2022-08,一条新町,一条室町,2806
2022-08,一条新町,二条新町,2803
2022-08,一条烏丸,一条室町,2865
2022-08,一条烏丸,一条車屋,3036
2022-08,一条烏丸,二条烏丸,3122
2022-08,一条車屋,一条烏丸,3073
2022-08,一条車屋,二条車屋,2989
2022-08,三条堀川,三条新町,2888
2022-08,三条堀川,二条堀川,2807
2022-08,三条堀川,四条堀川,2982
2022-08,三条室町,三条新町,3097
2022-08,三条室町,三条烏丸,3232
2022-08,三条室町,二条室町,3062
2022-08,三条室町,四条室町,3329
2022-08,三条新町,三条堀川,2907
2022-08,三条新町,三条室町,3112
2022-08,三条新町,二条新町,2929
2022-08,三条新町,四条新町,3108
2022-08,三条烏丸,三条室町,3161
2022-08,三条烏丸,三条車屋,3442
2022-08,三条烏丸,二条烏丸,3303
2022-08,三条烏丸,四条烏丸,3527
2022-08,三条車屋,三条烏丸,3437
2022-08,三条車屋,二条車屋,3120
2022-08,三条車屋,四条車屋,3272
2022-08,二条堀川,一条堀川,2587
2022-08,二条堀川,三条堀川,2726
2022-08,二条堀川,二条新町,2736
2022-08,二条室町,一条室町,2954
2022-08,二条室町,三条室町,3167
2022-08,二条室町,二条新町,2957
2022-08,二条室町,二条烏丸,3117
2022-08,二条新町,一条新町,2701
2022-08,二条新町,三条新町,2947
2022-08,二条新町,二条堀川,2816
2022-08,二条新町,二条室町,2944
2022-08,二条烏丸,一条烏丸,3128
2022-08,二条烏丸,三条烏丸,3230
2022-08,二条烏丸,二条室町,3179
2022-08,二条烏丸,二条車屋,3200
2022-08,二条車屋,一条車屋,2876
2022-08,二条車屋,三条車屋,3060
2022-08,二条車屋,二条烏丸,3209
2022-08,五条堀川,五条新町,2966
2022-08,五条堀川,四条堀川,3090
2022-08,五条室町,五条新町,3023
2022-08,五条室町,五条烏丸,3236
2022-08,五条室町,四条室町,3466
2022-08,五条新町,五条堀川,2969
2022-08,五条新町,五条室町,3015
2022-08,五条新町,四条新町,3343
2022-08,五条烏丸,五条室町,3288
2022-08,五条烏丸,五条車屋,3403
2022-08,五条烏丸,四条烏丸,3547
2022-08,五条車屋,五条烏丸,3357
2022-08,五条車屋,四条車屋,3431
2022-08,四条堀川,三条堀川,2918
2022-08,四条堀川,五条堀川,3156
2022-08,四条堀川,四条新町,3110
2022-08,四条室町,三条室町,3145
2022-08,四条室町,五条室町,3395
2022-08,四条室町,四条新町,3356
2022-08,四条室町,四条烏丸,3414
2022-08,四条新町,三条新町,3078
2022-08,四条新町,五条新町,3228
2022-08,四条新町,四条堀川,3095
2022-08,四条新町,四条室町,3279
2022-08,四条烏丸,三条烏丸,3382
2022-08,四条烏丸,五条烏丸,3570
2022-08,四条烏丸,四条室町,3340
2022-08,四条烏丸,四条車屋,3596
2022-08,四条車屋,三条車屋,3238
2022-08,四条車屋,五条車屋,3425
2022-08,四条車屋,四条烏丸,3542
2022-09,一条堀川,一条新町,2562
2022-09,一条堀川,二条堀川,2545
2022-09,一条室町,一条新町,2685
2022-09,一条室町,一条烏丸,2853
2022-09,一条室町,二条室町,2925
2022-09,一条新町,一条堀川,2579
2022-09,一条新町,一条室町,2698
2022-09,一条新町,二条新町,2780
2022-09,一条烏丸,一条室町,2910
2022-09,一条烏丸,一条車屋,3037
2022-09,一条烏丸,二条烏丸,3043
2022-09,一条車屋,一条烏丸,3003
2022-09,一条車屋,二条車屋,2820
2022-09,三条堀川,三条新町,2773
2022-09,三条堀川,二条堀川,2736
2022-09,三条堀川,四条堀川,2868
2022-09,三条室町,三条新町,3052
2022-09,三条室町,三条烏丸,3093
2022-09,三条室町,二条室町,2996
2022-09,三条室町,四条室町,3169
2022-09,三条新町,三条堀川,2962
2022-09,三条新町,三条室町,3026
2022-09,三条新町,二条新町,2782
2022-09,三条新町,四条新町,3074
2022-09,三条烏丸,三条室町,3117
2022-09,三条烏丸,三条車屋,3301
2022-09,三条烏丸,二条烏丸,3214
2022-09,三条烏丸,四条烏丸,3349
2022-09,三条車屋,三条烏丸,3288
2022-09,三条車屋,二条車屋,3064
2022-09,三条車屋,四条車屋,3200
2022-09,二条堀川,一条堀川,2611
2022-09,二条堀川,三条堀川,2692
2022-09,二条堀川,二条新町,2684
2022-09,二条室町,一条室町,2798
2022-09,二条室町,三条室町,3022
2022-09,二条室町,二条新町,2823
2022-09,二条室町,二条烏丸,2906
2022-09,二条新町,一条新町,2675
2022-09,二条新町,三条新町,2870
2022-09,二条新町,二条堀川,2746
2022-09,二条新町,二条室町,2877
2022-09,二条烏丸,一条烏丸,2988
2022-09,二条烏丸,三条烏丸,3149
2022-09,二条烏丸,二条室町,3000
2022-09,二条烏丸,二条車屋,3109
2022-09,二条車屋,一条車屋,2857
2022-09,二条車屋,三条車屋,2958
2022-09,二条車屋,二条烏丸,3185
2022-09,五条堀川,五条新町,2838
2022-09,五条堀川,四条堀川,3004
2022-09,五条室町,五条新町,2987
2022-09,五条室町,五条烏丸,3194
2022-09,五条室町,四条室町,3249
2022-09,五条新町,五条堀川,3017
2022-09,五条新町,五条室町,2998
2022-09,五条新町,四条新町,3144
2022-09,五条烏丸,五条室町,3165
2022-09,五条烏丸,五条車屋,3294
2022-09,五条烏丸,四条烏丸,3474
2022-09,五条車屋,五条烏丸,3349
2022-09,五条車屋,四条車屋,3165
2022-09,四条堀川,三条堀川,2857
2022-09,四条堀川,五条堀川,2963
2022-09,四条堀川,四条新町,3055
2022-09,四条室町,三条室町,3128
2022-09,四条室町,五条室町,3399
2022-09,四条室町,四条新町,3198
2022-09,四条室町,四条烏丸,3297
2022-09,四条新町,三条新町,2990
2022-09,四条新町,五条新町,3149
2022-09,四条新町,四条堀川,3043
2022-09,四条新町,四条室町,3188
2022-09,四条烏丸,三条烏丸,3408
2022-09,四条烏丸,五条烏丸,3475
2022-09,四条烏丸,四条室町,3292
2022-09,四条烏丸,四条車屋,3466
2022-09,四条車屋,三条車屋,3069
2022-09,四条車屋,五条車屋,3274
2022-09,四条車屋,四条烏丸,3472
2022-10,一条堀川,一条新町,2553
2022-10,一条堀川,二条堀川,2603
2022-10,一条室町,一条新町,2751
2022-10,一条室町,一条烏丸,2953
2022-10,一条室町,二条室町,2972
2022-10,一条新町,一条堀川,2657
2022-10,一条新町,一条室町,2806
2022-10,一条新町,二条新町,2775
2022-10,一条烏丸,一条室町,2936
2022-10,一条烏丸,一条車屋,3240
2022-10,一条烏丸,二条烏丸,3034
2022-10,一条車屋,一条烏丸,3136
2022-10,一条車屋,二条車屋,2951
2022-10,三条堀川,三条新町,2880
2022-10,三条堀川,二条堀川,2873
2022-10,三条堀川,四条堀川,2917
2022-10,三条室町,三条新町,2970
2022-10,三条室町,三条烏丸,3211
2022-10,三条室町,二条室町,3146
2022-10,三条室町,四条室町,3151
2022-10,三条新町,三条堀川,2942
2022-10,三条新町,三条室町,3127
2022-10,三条新町,二条新町,2911
2022-10,三条新町,四条新町,3181
2022-10,三条烏丸,三条室町,3305
2022-10,三条烏丸,三条車屋,3417
2022-10,三条烏丸,二条烏丸,3198
2022-10,三条烏丸,四条烏丸,3323
2022-10,三条車屋,三条烏丸,3440
2022-10,三条車屋,二条車屋,2979
2022-10,三条車屋,四条車屋,3219
2022-10,二条堀川,一条堀川,2650
2022-10,二条堀川,三条堀川,2766
2022-10,二条堀川,二条新町,2849
2022-10,二条室町,一条室町,3024
2022-10,二条室町,三条室町,3136
2022-10,二条室町,二条新町,2966
2022-10,二条室町,二条烏丸,3103
2022-10,二条新町,一条新町,2811
2022-10,二条新町,三条新町,2935
2022-10,二条新町,二条堀川,2794
2022-10,二条新町,二条室町,2932
2022-10,二条烏丸,一条烏丸,3073
2022-10,二条烏丸,三条烏丸,3208
2022-10,二条烏丸,二条室町,3144
2022-10,二条烏丸,二条車屋,3216
2022-10,二条車屋,一条車屋,2953
2022-10,二条車屋,三条車屋,3032
2022-10,二条車屋,二条烏丸,3236
2022-10,五条堀川,五条新町,2920
2022-10,五条堀川,四条堀川,3129
2022-10,五条室町,五条新町,3156
2022-10,五条室町,五条烏丸,3239
2022-10,五条室町,四条室町,3430
2022-10,五条新町,五条堀川,2978
2022-10,五条新町,五条室町,3073
2022-10,五条新町,四条新町,3266
2022-10,五条烏丸,五条室町,3257
2022-10,五条烏丸,五条車屋,3394
2022-10,五条烏丸,四条烏丸,3591
2022-10,五条車屋,五条烏丸,3412
2022-10,五条車屋,四条車屋,3441
2022-10,四条堀川,三条堀川,2900
2022-10,四条堀川,五条堀川,3036
2022-10,四条堀川,四条新町,3075
2022-10,四条室町,三条室町,3221
2022-10,四条室町,五条室町,3323
2022-10,四条室町,四条新町,3184
2022-10,四条室町,四条烏丸,3413
2022-10,四条新町,三条新町,3077
2022-10,四条新町,五条新町,3192
2022-10,四条新町,四条堀川,3164
2022-10,四条新町,四条室町,3337
2022-10,四条烏丸,三条烏丸,3352
2022-10,四条烏丸,五条烏丸,3524
2022-10,四条烏丸,四条室町,3423
2022-10,四条烏丸,四条車屋,3495
2022-10,四条車屋,三条車屋,3220
2022-10,四条車屋,五条車屋,3386
2022-10,四条車屋,四条烏丸,3558
2022-11,一条堀川,一条新町,2494
2022-11,一条堀川,二条堀川,2594
2022-11,一条室町,一条新町,2646
2022-11,一条室町,一条烏丸,2821
2022-11,一条室町,二条室町,2884
2022-11,一条新町,一条堀川,2508
2022-11,一条新町,一条室町,2772
2022-11,一条新町,二条新町,2693
2022-11,一条烏丸,一条室町,2799
2022-11,一条烏丸,一条車屋,3054
2022-11,一条烏丸,二条烏丸,2987
2022-11,一条車屋,一条烏丸,3083
2022-11,一条車屋,二条車屋,2964
2022-11,三条堀川,三条新町,2895
2022-11,三条堀川,二条堀川,2627
2022-11,三条堀川,四条堀川,2952
2022-11,三条室町,三条新町,2965
2022-11,三条室町,三条烏丸,3204
2022-11,三条室町,二条室町,3029
2022-11,三条室町,四条室町,3231
2022-11,三条新町,三条堀川,2790
2022-11,三条新町,三条室町,3034
2022-11,三条新町,二条新町,2876
2022-11,三条新町,四条新町,3024
2022-11,三条烏丸,三条室町,3153
2022-11,三条烏丸,三条車屋,3278
2022-11,三条烏丸,二条烏丸,3198
2022-11,三条烏丸,四条烏丸,3284
2022-11,三条車屋,三条烏丸,3302
2022-11,三条車屋,二条車屋,2936
2022-11,三条車屋,四条車屋,3191
2022-11,二条堀川,一条堀川,2677
2022-11,二条堀川,三条堀川,2722
2022-11,二条堀川,二条新町,2655
2022-11,二条室町,一条室町,2846
2022-11,二条室町,三条室町,2959
2022-11,二条室町,二条新町,2883
2022-11,二条室町,二条烏丸,2958
2022-11,二条新町,一条新町,2700
2022-11,二条新町,三条新町,2809
2022-11,二条新町,二条堀川,2714
2022-11,二条新町,二条室町,2845
2022-11,二条烏丸,一条烏丸,2923
2022-11,二条烏丸,三条烏丸,3161
2022-11,二条烏丸,二条室町,2962
2022-11,二条烏丸,二条車屋,3141
2022-11,二条車屋,一条車屋,2881
2022-11,二条車屋,三条車屋,3026
2022-11,二条車屋,二条烏丸,3222
2022-11,五条堀川,五条新町,2879
2022-11,五条堀川,四条堀川,2976
2022-11,五条室町,五条新町,3063
2022-11,五条室町,五条烏丸,3204
2022-11,五条室町,四条室町,3355
2022-11,五条新町,五条堀川,2891
2022-11,五条新町,五条室町,2969
2022-11,五条新町,四条新町,3181
2022-11,五条烏丸,五条室町,3178
2022-11,五条烏丸,五条車屋,3273
2022-11,五条烏丸,四条烏丸,3435
2022-11,五条車屋,五条烏丸,3282
2022-11,五条車屋,四条車屋,3232
2022-11,四条堀川,三条堀川,2877
2022-11,四条堀川,五条堀川,2923
2022-11,四条堀川,四条新町,3043
2022-11,四条室町,三条室町,3142
2022-11,四条室町,五条室町,3255
2022-11,四条室町,四条新町,3142
2022-11,四条室町,四条烏丸,3325
2022-11,四条新町,三条新町,2968
2022-11,四条新町,五条新町,3130
2022-11,四条新町,四条堀川,3063
2022-11,四条新町,四条室町,3108
2022-11,四条烏丸,三条烏丸,3297
2022-11,四条烏丸,五条烏丸,3473
2022-11,四条烏丸,四条室町,3299
2022-11,四条烏丸,四条車屋,3389
2022-11,四条車屋,三条車屋,3241
2022-11,四条車屋,五条車屋,3279
2022-11,四条車屋,四条烏丸,3495
2022-12,一条堀川,一条新町,1275
2022-12,一条堀川,二条堀川,1303
2022-12,一条室町,一条新町,1411
2022-12,一条室町,一条烏丸,1355
2022-12,一条室町,二条室町,1449
2022-12,一条新町,一条堀川,1283
2022-12,一条新町,一条室町,1346
2022-12,一条新町,二条新町,1253
2022-12,一条烏丸,一条室町,1439
2022-12,一条烏丸,一条車屋,1481
2022-12,一条烏丸,二条烏丸,1554
2022-12,一条車屋,一条烏丸,1499
2022-12,一条車屋,二条車屋,1418
2022-12,三条堀川,三条新町,1451
2022-12,三条堀川,二条堀川,1314
2022-12,三条堀川,四条堀川,1382
2022-12,三条室町,三条新町,1440
2022-12,三条室町,三条烏丸,1559
2022-12,三条室町,二条室町,1473
2022-12,三条室町,四条室町,1566
2022-12,三条新町,三条堀川,1383
2022-12,三条新町,三条室町,1553
2022-12,三条新町,二条新町,1412
2022-12,三条新町,四条新町,1506
2022-12,三条烏丸,三条室町,1560
2022-12,三条烏丸,三条車屋,1697
2022-12,三条烏丸,二条烏丸,1481
2022-12,三条烏丸,四条烏丸,1671
2022-12,三条車屋,三条烏丸,1676
2022-12,三条車屋,二条車屋,1457
2022-12,三条車屋,四条車屋,1583
2022-12,二条堀川,一条堀川,1279
2022-12,二条堀川,三条堀川,1358
2022-12,二条堀川,二条新町,1314
2022-12,二条室町,一条室町,1403
2022-12,二条室町,三条室町,1519
2022-12,二条室町,二条新町,1417
2022-12,二条室町,二条烏丸,1499
2022-12,二条新町,一条新町,1362
2022-12,二条新町,三条新町,1397
2022-12,二条新町,二条堀川,1359
2022-12,二条新町,二条室町,1431
2022-12,二条烏丸,一条烏丸,1549
2022-12,二条烏丸,三条烏丸,1568
2022-12,二条烏丸,二条室町,1458
2022-12,二条烏丸,二条車屋,1539
2022-12,二条車屋,一条車屋,1424
2022-12,二条車屋,三条車屋,1514
2022-12,二条車屋,二条烏丸,1596
2022-12,五条堀川,五条新町,1393
2022-12,五条堀川,四条堀川,1458
2022-12,五条室町,五条新町,1525
2022-12,五条室町,五条烏丸,1570
2022-12,五条室町,四条室町,1676
2022-12,五条新町,五条堀川,1424
2022-12,五条新町,五条室町,1545
2022-12,五条新町,四条新町,1623
2022-12,五条烏丸,五条室町,1572
2022-12,五条烏丸,五条車屋,1658
2022-12,五条烏丸,四条烏丸,1733
2022-12,五条車屋,五条烏丸,1631
2022-12,五条車屋,四条車屋,1635
2022-12,四条堀川,三条堀川,1403
2022-12,四条堀川,五条堀川,1486
2022-12,四条堀川,四条新町,1492
2022-12,四条室町,三条室町,1611
2022-12,四条室町,五条室町,1667
2022-12,四条室町,四条新町,1591
2022-12,四条室町,四条烏丸,1636
2022-12,四条新町,三条新町,1468
2022-12,四条新町,五条新町,1578
2022-12,四条新町,四条堀川,1526
2022-12,四条新町,四条室町,1560
2022-12,四条烏丸,三条烏丸,1619
2022-12,四条烏丸,五条烏丸,1678
2022-12,四条烏丸,四条室町,1714
2022-12,四条烏丸,四条車屋,1847
2022-12,四条車屋,三条車屋,1550
2022-12,四条車屋,五条車屋,1619
2022-12,四条車屋,四条烏丸,1718
